Workbook

Sheet Summary
A1: .trap | B1: =group!E12 -> 916 | C1: ="0x"&DEC2HEX(B1) -> 0x394 | F1: esp_image: segment 0: paddr=00010020 vaddr=3c000020 size=09c78h ( 40056) map | G1: =B8+B9 -> 40056 | H1: .rodata + .rodata_wifi
A2: .rwtext | B2: =group!E30 -> 1096 | C2: ="0x"&DEC2HEX(B2) -> 0x448 | F2: esp_image: segment 1: paddr=00019ce4 vaddr=3fc87460 size=0137ch ( 4988) load | G2: =B5+B6 -> 4988 | H2: .data + .data_wifi
A3: .rwtext_wifi | B3: ='.rwtext.wifi'!F192 -> 27780 | C3: ="0x"&DEC2HEX(B3) -> 0x6C84 | F3: esp_image: segment 2: paddr=0001b054 vaddr=40380000 size=04ff4h ( 20468) load | I3: 20468
A4: .rwdata_dummy | B4: =group!E12+group!E30+'.rwtext.wifi'!F192 -> 29792 | C4: ="0x"&DEC2HEX(B4) -> 0x7460 | F4: esp_image: segment 3: paddr=00020020 vaddr=42010020 size=4a3ach (304044) map | G4: =SUM(B12:B28)+12 -> 304044 | H4: .esp-riscv-rt + … + .text
A5: .data | B5: ='.data'!D77 -> 4496 | C5: ="0x"&DEC2HEX(B5) -> 0x1190 | D5: x | F5: esp_image: segment 4: paddr=00069384 vaddr=40384fc4 size=0246ch ( 9324) load | I5: 9324
A6: .data_wifi | B6: =group!E48 -> 492 | C6: ="0x"&DEC2HEX(B6) -> 0x1EC | D6: x | G6: =B1+B2+B3 -> 29792 | H6: .trap + .rwtext + .rwtext_wifi | I6: =I3+I5 -> 29792 | J6: =B4 -> 29792
A7: .bss | B7: ='.bss'!D210 -> 112552 | C7: ="0x"&DEC2HEX(B7) -> 0x1B7A8 | G7: =G1+G2+G4+G6 -> 378880
A8: .rodata | B8: ='.rodata'!D99 -> 13736 | C8: ="0x"&DEC2HEX(B8) -> 0x35A8 | D8: x | F8: flash usage | G8: =G1+G4 -> 344100
A9: .rodata_wifi | B9: 26320 | C9: ="0x"&DEC2HEX(B9) -> 0x66D0 | D9: x | F9: ram usage in image | G9: =G2+G6 -> 34780 | H9: =G8+G9 -> 378880
A10: .rotext_dummy | C10: 0x10000 | F10: ram for .bss | G10: =B7 -> 112552 | I10: full ram | J10: =G9+G10 -> 147332
F11: image headers | H11: …..........
A12: .esp-riscv-rt | B12: =group!E57 -> 210 | C12: ="0x"&DEC2HEX(B12) -> 0xD2 | F12: image size (espflash save-image --chip esp32c3 esp-wifi esp-wifi.img) | H12: 378.992
A13: .console | B13: =group!E62 -> 384 | C13: ="0x"&DEC2HEX(B13) -> 0x180 | D13: =B12+B13 -> 594 | F13: runtime
A14: .esp-hal | B14: ='.esp-hal'!C85 -> 8740 | C14: ="0x"&DEC2HEX(B14) -> 0x2224 | D14: =B14 -> 8740 | F14: HAL
A15: .embassy | B15: =embassy!D50 -> 5128 | C15: ="0x"&DEC2HEX(B15) -> 0x1408
A16: .esp-embassy | B16: =embassy!D58 -> 760 | C16: ="0x"&DEC2HEX(B16) -> 0x2F8 | D16: =B15+B16 -> 5888 | F16: embassy
A17: .esp-alloc | B17: ='alloc+atomic'!D18 -> 1876 | C17: ="0x"&DEC2HEX(B17) -> 0x754
A18: .port-atomic | B18: ='alloc+atomic'!D26 -> 156 | C18: ="0x"&DEC2HEX(B18) -> 0x9C | D18: =B17+B18 -> 2032 | F18: crates
A19: .esp-wifi | B19: ='.esp-wifi'!C146 -> 14438 | C19: ="0x"&DEC2HEX(B19) -> 0x3866 | D19: =B19 -> 14438 | F19: esp-wifi (shims)
A20: .libcore | B20: ='libcore printf'!D5 -> 368 | C20: ="0x"&DEC2HEX(B20) -> 0x170
A21: .libprintf | B21: ='libcore printf'!D18 -> 4644 | C21: ="0x"&DEC2HEX(B21) -> 0x1224
A22: .libpp | B22: ='.libpp'!E356 -> 36242 | C22: ="0x"&DEC2HEX(B22) -> 0x8D92
A23: .libphy | B23: ='.libphy'!E158 -> 29396 | C23: ="0x"&DEC2HEX(B23) -> 0x72D4
A24: .libnet80211 | B24: ='.libnet80211'!E681 -> 121568 | C24: ="0x"&DEC2HEX(B24) -> 0x1DAE0
A25: .libwpa-suppl | B25: ='.libwpa-suppl'!E379 -> 48494 | C25: ="0x"&DEC2HEX(B25) -> 0xBD6E | D25: =SUM(B20:B25) -> 240712 | F25: wifi libs
A26: .smoltcp | B26: ='.smoltcp'!C70 -> 26582 | C26: ="0x"&DEC2HEX(B26) -> 0x67D6 | D26: =B26 -> 26582 | F26: smoltcp
A27: .core | B27: ='core-text'!D25 -> 792 | C27: ="0x"&DEC2HEX(B27) -> 0x318
A28: .text | B28: ='core-text'!D34 -> 4254 | C28: ="0x"&DEC2HEX(B28) -> 0x109E
F30: SSID="iWIFI-2.4" PASSWORD="dingomolarsanta" cargo run --release
F31: cargo run --release
F32: UPDATED

Sheet group
A1: .trap
A2: 0x40380000 | B2: _start_trap:
A3: 0x40380024 | B3: _start_trap1:
A4: 0x40380032 | B4: _start_trap2:
A5: …
A6: 0x403801c8 | B6: _start_trap31: | C6: 478
A8: 0x403801de | B8: _start_trap_direct: | C8: 168
A9: 0x40380286 | B9: padding | C9: 122
A10: 0x40380300 | B10: _vector_table: | C10: 128
A11: 0x40380380 | B11: _start_trap_rust_hal: | C11: 18
A12: 0x40380392 | B12: padding | C12: 2 | E12: =SUM($C$2:C12) -> 916 | F12: ="0x"&DEC2HEX(E12) -> 0x394
A15: .rwtext
B16: esp_wifi::wifi::esp_wifi_tx_done_cb | C16: 214
B17: esp_wifi::common_adapter::semphr_take | C17: 8
B18: esp_wifi::common_adapter::semphr_give | C18: 40
B19: random | C19: 10
B21: interrupt1
B22: …
B23: interrupt15 | C23: 120
B25: handle_interrupts | C25: 432
B27: esp_hal::interrupt::riscv::classic::PRIORITY_TO_INTERRUPT | C27: 8
B28: esp_hal::interrupt::riscv::classic::INTERRUPT_TO_PRIORITY | C28: 16
B30: __EXTERNAL_INTERRUPTS | C30: 248 | E30: =SUM(C$16:$C30) -> 1096 | F30: ="0x"&DEC2HEX(E30) -> 0x448
A33: .data_wifi
D34: 3FC885D8
B35: libnet80211.a(ieee80211_mesh_quick.o):(.dram1.2) g_mesh_is_started | C35: 1 | D35: ="0x"&DEC2HEX(HEX2DEC(D$34)+SUM($C$35:C35)) -> 0x3FC885D9
B36: padding | C36: 3 | D36: ="0x"&DEC2HEX(HEX2DEC(D$34)+SUM($C$35:C36)) -> 0x3FC885DC
B37: libnet80211.a(ieee80211_mesh_quick.o):(.dram1.3) g_mesh_init_ps_type | C37: 4 | D37: ="0x"&DEC2HEX(HEX2DEC(D$34)+SUM($C$35:C37)) -> 0x3FC885E0
B38: libnet80211.a(ieee80211_mesh_quick.o):(.dram1.4) g_mesh_is_root | C38: 1 | D38: ="0x"&DEC2HEX(HEX2DEC(D$34)+SUM($C$35:C38)) -> 0x3FC885E1
B39: libnet80211.a(wl_cnx.o):(.dram1.2) g_sta_connected_flag | C39: 1 | D39: ="0x"&DEC2HEX(HEX2DEC(D$34)+SUM($C$35:C39)) -> 0x3FC885E2
B40: padding | C40: 2 | D40: ="0x"&DEC2HEX(HEX2DEC(D$34)+SUM($C$35:C40)) -> 0x3FC885E4
D41: ="0x"&DEC2HEX(HEX2DEC(D$34)+SUM($C$35:C41)) -> 0x3FC885E4
B42: libpp.a(esf_buf.o):(.dram1.3) eb_txdesc_space | C42: 144 | D42: ="0x"&DEC2HEX(HEX2DEC(D$34)+SUM($C$35:C42)) -> 0x3FC88674
B43: libpp.a(pp.o):(.dram1.3) pp_sig_cnt | C43: 33 | D43: ="0x"&DEC2HEX(HEX2DEC(D$34)+SUM($C$35:C43)) -> 0x3FC88695
B44: padding | C44: 3 | D44: ="0x"&DEC2HEX(HEX2DEC(D$34)+SUM($C$35:C44)) -> 0x3FC88698
B45: libpp.a(pp.o):(.dram1.4) bars | C45: 160 | D45: ="0x"&DEC2HEX(HEX2DEC(D$34)+SUM($C$35:C45)) -> 0x3FC88738
B46: libpp.a(pp_debug.o):(.dram1.3) | C46: 4 | D46: ="0x"&DEC2HEX(HEX2DEC(D$34)+SUM($C$35:C46)) -> 0x3FC8873C
B47: libpp.a(wdev.o):(.dram1.3) | C47: 4 | D47: ="0x"&DEC2HEX(HEX2DEC(D$34)+SUM($C$35:C47)) -> 0x3FC88740
B48: libpp.a(wdev.o):(.dram1.42) s_record_list | C48: 132 | D48: ="0x"&DEC2HEX(HEX2DEC(D$34)+SUM($C$35:C48)) -> 0x3FC887C4 | E48: =SUM(C$35:$C48) -> 492 | F48: ="0x"&DEC2HEX(E48) -> 0x1EC
A51: .esp_riscv_rt
A52: 0x42010020 | B52: _start | C52: 8
A53: 0x42010028 | B53: _abs_start | C53: 144
A54: 0x420100b8 | B54: _start_rust | C54: 46
A55: 0x420100e6 | B55: abort | C55: 4
A56: 0x420000ea | B56: DefaultExceptionHandler | C56: 6
A57: 0x420000f0 | B57: default_post_init | C57: 2 | E57: =SUM(C$52:C57) -> 210 | F57: ="0x"&DEC2HEX(E57) -> 0xD2
A60: .console
A61: 0x420100f4 | B61: console::jtag_serial::print | C61: 190
A62: 0x420101b2 | B62: console::jtag_serial::Printer as core::fmt::Write::write_str | C62: 194 | E62: =SUM(C$61:C62) -> 384 | F62: ="0x"&DEC2HEX(E62) -> 0x180

Sheet .rwtext.wifi
A1: libpp.a
B2: esf_buf.o | H2: wifi_softap_cur_max_ap_bss_num | I2: 16
C3: .wifirxiram.9 | D3: esf_buf_recycle | E3: =I26 -> 324 | H3: ieee80211_encap_esfbuf | I3: 1302
C4: .wifiextrairam.5 | D4: esf_buf_alloc_dynamic | E4: =I139 -> 508 | H4: ieee80211_output_process | I4: 658
B5: if_hwctrl.o | H5: lmacMSDUAged | I5: 92
C6: .wifislprxiram.12 | D6: ic_mac_deinit | E6: =I36 -> 16 | H6: lmacAdjustTimestamp | I6: 76
B7: lmac.o | H7: lmacTxFrame | I7: 484
C8: .wifi0iram.41 | D8: lmacMSDUAged | E8: =I5 -> 92 | H8: lmacTxDone | I8: 244
C9: .wifi0iram.57 | D9: lmacAdjustTimestamp | E9: =I6 -> 76 | H9: lmacEndFrameExchangeSequence | I9: 788
C10: .wifi0iram.58 | D10: lmacTxFrame | E10: =I7 -> 484 | H10: pp_coex_tx_request | I10: 340
C11: .wifi0iram.62 | D11: lmacTxDone | E11: =I8 -> 244 | H11: ppMapTxQueue | I11: 336
C12: .wifi0iram.25 | D12: lmacEndFrameExchangeSequence | E12: =I9 -> 788 | H12: ppProcTxSecFrame | I12: 330
C13: .iram1.2 | D13: pm_get_null_max_tx_time | E13: =I121 -> 146 | H13: ppCalTxAMPDULength | I13: 748
C14: .wifiextrairam.5 | D14: lmacSetTxFrame | E14: =I140 -> 508 | H14: ppProcessLifeTime | I14: 176
C15: .wifiextrairam.23 | D15: lmacDiscardFrameExchangeSequence | E15: =I141 -> 222 | H15: rcUpdateTxDone | I15: 150
C16: .wifiextrairam.18 | D16: lmacProcessTxSuccess | E16: =I142 -> 264 | H16: rcGetSched | I16: 228
C17: .wifiextrairam.38 | D17: lmacProcessTxComplete | E17: =I143 -> 354 | H17: hal_mac_tx_config_timeout | I17: 38
B18: pm.o | H18: hal_mac_tx_config_edca | I18: 82
C19: .wifirxiram.48 | D19: pm_rx_data_process | E19: =I27 -> 138 | H19: hal_mac_txq_enable | I19: 26
C20: .wifirxiram.49 | D20: pm_hmac_rx_data_process | E20: =I28 -> 2 | H20: hal_random | I20: 8
C21: .wifislprxiram.6 | D21: pm_scale_listen_interval | E21: =I37 -> 216 | H21: hal_mac_deinit | I21: 64
C22: .wifislprxiram.25 | D22: pm_get_tbtt_count | E22: =I38 -> 176 | H22: hal_mac_tx_is_cbw40 | I22: 30
C23: .wifislprxiram.10 | D23: pm_parse_beacon | E23: =I39 -> 570 | H23: ieee80211_ampdu_reorder | I23: 630
C24: .wifislprxiram.26 | D24: pm_save_tbtt_info | E24: =I40 -> 34 | H24: sta_input | I24: 1378
C25: .wifislprxiram.28 | D25: pm_beacon_monitor_tbtt_start | E25: =I41 -> 190 | H25: sta_rx_cb | I25: 16
C26: .wifislprxiram.29 | D26: pm_beacon_monitor_tbtt_stop | E26: =I42 -> 18 | H26: esf_buf_recycle | I26: 324
C27: .wifislprxiram.30 | D27: pm_enable_beacon_monitor_timer | E27: =I43 -> 116 | H27: pm_rx_data_process | I27: 138
C28: .wifislprxiram.31 | D28: pm_disable_beacon_monitor_timer | E28: =I44 -> 60 | H28: pm_hmac_rx_data_process | I28: 2
C29: .wifislprxiram.32 | D29: pm_dream | E29: =I45 -> 344 | H29: ppRxFragmentProc | I29: 1024
C30: .wifislprxiram.33 | D30: pm_sleep | E30: =I46 -> 530 | H30: hal_clear_rx_beacon_pti | I30: 18
C31: .wifislprxiram.34 | D31: pm_check_state | E31: =I47 -> 72 | H31: hal_mac_rx_get_last_dscr | I31: 26
C32: .wifislprxiram.41 | D32: pm_beacon_monitor_timeout_process | E32: =I48 -> 66 | H32: hal_mac_rx_is_dscr_reload | I32: 12
... C38: .wifislprxiram.53 | D38: pm_on_beacon_rx | E38: =I54 -> 264 | H38: pm_get_tbtt_count | I38: 176
C39: .wifislpiram.5 | D39: pm_get_connectionless_status | E39: =I64 -> 44 | H39: pm_parse_beacon | I39: 570
C40: .wifislpiram.22 | D40: pm_enable_dream_timer | E40: =I65 -> 66 | H40: pm_save_tbtt_info | I40: 34
C41: .wifislpiram.24 | D41: pm_update_by_connectionless_status | E41: =I66 -> 344 | H41: pm_beacon_monitor_tbtt_start | I41: 190
C42: .wifislpiram.36 | D42: pm_handle_tbtt_interval | E42: =I67 -> 134 | H42: pm_beacon_monitor_tbtt_stop | I42: 18
C43: .wifislpiram.38 | D43: pm_update_next_tbtt | E43: =I68 -> 268 | H43: pm_enable_beacon_monitor_timer | I43: 116
C44: .wifislpiram.43 | D44: pm_connectionless_wake_interval_timeout_process | E44: =I69 -> 66 | H44: pm_disable_beacon_monitor_timer | I44: 60
C45: .wifislpiram.44 | D45: pm_connectionless_wake_window_timeout_process | E45: =I70 -> 102 | H45: pm_dream | I45: 344
C46: .wifiextrairam.47 | D46: pm_tx_data_process | E46: =I144 -> 504 | H46: pm_sleep | I46: 530
C47: .wifiextrairam.55 | D47: pm_on_data_tx | E47: =I145 -> 2 | H47: pm_check_state | I47: 72
B48: pm_coex.o | H48: pm_beacon_monitor_timeout_process | I48: 66
C49: .wifislprxiram.4 | D49: pm_coex_schm_overall_period_get | E49: =I55 -> 56 | H49: pm_process_tim | I49: 424
C50: .wifislprxiram.5 | D50: pm_coex_pwr_update | E50: =I56 -> 152 | H50: pm_rx_beacon_process | I50: 164
B51: pp.o | H51: pm_tbtt_process | I51: 290
C52: .wifi0iram.22 | D52: pp_coex_tx_request | E52: =I10 -> 340 | H52: pm_beacon_monitor_tbtt_timeout_process | I52: 30
C53: .wifi0iram.64 | D53: ppMapTxQueue | E53: =I11 -> 336 | H53: pm_on_tsf_timer | I53: 12
C54: .wifi0iram.64 | D54: ppProcTxSecFrame | E54: =I12 -> 330 | H54: pm_on_beacon_rx | I54: 264
C55: .wifi0iram.40 | D55: ppCalTxAMPDULength | E55: =I13 -> 748 | H55: pm_coex_schm_overall_period_get | I55: 56
C56: .wifi0iram.73 | D56: ppProcessLifeTime | E56: =I14 -> 176 | H56: pm_coex_pwr_update | I56: 152
C57: .wifirxiram.26 | D57: ppRxFragmentProc | E57: =I29 -> 1024 | H57: ppRxPkt | I57: 284
C58: .wifislprxiram.28 | D58: ppRxPkt | E58: =I57 -> 284 | H58: wDev_record_ftm_data | I58: 34
C59: .wifiextrairam.18 | D59: pp_coex_tx_release | E59: =I146 -> 104 | H59: wDev_AppendRxBlocks | I59: 308
C60: .wifiextrairam.20 | D60: ppProcTxDone | E60: =I147 -> 408 | H60: wDev_IndicateFrame | I60: 724
C61: .wifiextrairam.62 | D61: ppMapWaitTxq | E61: =I148 -> 298 | H61: wDev_ProcessRxSucData | I61: 842
C62: .wifiextrairam.37 | D62: ppAssembleAMPDU | E62: =I149 -> 132 | H62: hal_mac_rx_read_rxdscrnext | I62: 10
C63: .wifiextrairam.70 | D63: ppDirectRecycleAmpdu | E63: =I150 -> 102 | H63: hal_mac_rx_set_base | I63: 10
C64: .wifiextrairam.72 | D64: ppRegressAmpdu | E64: =I151 -> 168 | H64: pm_get_connectionless_status | I64: 44
B65: pp_debug.o | H65: pm_enable_dream_timer | I65: 66
C66: .iram1.4 | D66: wifi_gpio_debug | E66: =I122 -> 16 | H66: pm_update_by_connectionless_status | I66: 344
B67: pp_timer.o | H67: pm_handle_tbtt_interval | I67: 134
C68: .wifislpiram.3 | D68: pp_timer_tbtt | E68: =I71 -> 18 | H68: pm_update_next_tbtt | I68: 268
C69: .wifislpiram.4 | D69: pp_timer_do_process | E69: =I72 -> 152 | H69: pm_connectionless_wake_interval_timeout_process | I69: 66
B70: trc.o | H70: pm_connectionless_wake_window_timeout_process | I70: 102
C71: .wifi0iram.8 | D71: rcUpdateTxDone | E71: =I15 -> 150 | H71: pp_timer_tbtt | I71: 18
C72: .wifi0iram.11 | D72: rcGetSched | E72: =I16 -> 228 | H72: pp_timer_do_process | I72: 152
C73: .wifiextrairam.13 | D73: rcGetRate | E73: =I152 -> 164 | H73: hal_get_sta_tsf | I73: 40
C74: .wifiextrairam.19 | D74: trc_onPPTxDone | E74: =I153 -> 182 | H74: hal_set_sta_light_sleep_wake_ahead_time | I74: 20
B75: wdev.o | H75: hal_get_time_to_sta_next_tbtt | I75: 60
C76: .wifislprxiram.24 | D76: wDev_record_ftm_data | E76: =I58 -> 34 | H76: tsf_hal_get_counter_value | I76: 60
C77: .wifislprxiram.48 | D77: wDev_AppendRxBlocks | E77: =I59 -> 308 | H77: tsf_hal_get_time | I77: 28
C78: .wifislprxiram.19 | D78: wDev_IndicateFrame | E78: =I60 -> 724 | H78: tsf_hal_get_tbtt_interval | I78: 78
C79: .wifislprxiram.25 | D79: wDev_ProcessRxSucData | E79: =I61 -> 842 | H79: phy_wakeup_init | I79: 72
C80: .iram1.43 | D80: wdev_record_rx_linked_list.part.10 | E80: =I123 -> 116 | H80: phy_close_rf | I80: 48
C81: .iram1.43 | D81: wdev_record_rx_linked_list | E81: =I124 -> 10 | H81: phy_xpd_tsens | I81: 48
C82: .iram1.38 | D82: wdev_process_tbtt | E82: =I125 -> 12 | H82: rom1_i2c_master_reset | I82: 82
C83: .iram1.39 | D83: wdev_process_tsf_timer | E83: =I126 -> 12 | H83: rom_set_chan_reg | I83: 176
C84: .iram1.40 | D84: wdev_process_beacon_filter | E84: =I127 -> 12 | H84: wait_freq_set_busy | I84: 14
C85: .iram1.41 | D85: wDev_ProcessFiq | E85: =I128 -> 166 | H85: ram1_phy_dis_hw_set_freq | I85: 28
C86: .iram1.44 | D86: wdev_dump_rx_linked_list | E86: =I129 -> 166 | H86: rom1_phy_en_hw_set_freq | I86: 22
B87: hal_coex.o | H87: rom_phy_xpd_rf | I87: 130
C88: .wifirxiram.2 | D88: hal_clear_rx_beacon_pti | E88: =I30 -> 18 | H88: rom_phy_reg_init | I88: 128
C89: .wifiextrairam.3 | D89: hal_set_tx_pti | E89: =I154 -> 158 | H89: ram1_phy_wakeup_init | I89: 336
B90: hal_mac.o | H90: ram1_phy_close_rf | I90: 64
C91: .wifi0iram.4 | D91: hal_mac_tx_config_timeout | E91: =I17 -> 38 | H91: bias_dreg_i2c_set.part.0 | I91: 60
C92: .wifi0iram.5 | D92: hal_mac_tx_config_edca | E92: =I18 -> 82 | H92: bias_dreg_i2c_set | I92: 64
C93: .wifi0iram.6 | D93: hal_mac_txq_enable | E93: =I19 -> 26 | H93: rom1_get_i2c_hostid | I93: 56
C94: .wifi0iram.9 | D94: hal_random | E94: =I20 -> 8 | H94: rom_set_txcap_reg | I94: 142
C95: .wifi0iram.20 | D95: hal_mac_deinit | E95: =I21 -> 64 | H95: phy_i2c_enter_critical | I95: 2
C96: .wifislprxiram.12 | D96: hal_mac_rx_read_rxdscrnext | E96: =I62 -> 10 | H96: phy_i2c_exit_critical | I96: 2
C97: .wifislprxiram.13 | D97: hal_mac_rx_set_base | E97: =I63 -> 10 | H97: rom1_chip_i2c_readReg | I97: 106
C98: .iram1.15 | D98: hal_mac_interrupt_get_event | E98: =I130 -> 10 | H98: rom1_chip_i2c_writeReg | I98: 114
C99: .iram1.16 | D99: hal_mac_interrupt_clr_event | E99: =I131 -> 10 | H99: rom1_phy_i2c_init1 | I99: 454
C100: .wifiextrairam.3 | D100: mac_tx_set_pti | E100: =I155 -> 100 | H100: phy_i2c_bbtop_wakeup | I100: 86
C101: .wifiextrairam.7 | D101: hal_mac_txq_disable | E101: =I156 -> 28 | H101: ram1_set_pbus_reg | I101: 62
C102: .wifiextrairam.18 | D102: hal_get_tsf_time | E102: =I157 -> 42 | H102: rom1_tx_paon_set | I102: 84
B103: hal_mac_rx.o | H103: btbb_wifi_bb_cfg2 | I103: 18
C104: .wifirxiram.3 | D104: hal_mac_rx_get_last_dscr | E104: =I31 -> 26 | H104: rx_11b_opt | I104: 232
C105: .wifirxiram.4 | D105: hal_mac_rx_is_dscr_reload | E105: =I32 -> 12 | H105: rom_agc_reg_init | I105: 160
...

Sheet .data
C1: 3FC87460
A2: WIFI_EVENT | B2: 4 | C2: ="0x"&DEC2HEX(HEX2DEC($C$1)+SUM(B$2:$B2)) -> 0x3FC87464
A3: esp_wifi::wifi::DATA_QUEUE_RX_AP | B3: 20 | C3: ="0x"&DEC2HEX(HEX2DEC($C$1)+SUM(B$2:$B3)) -> 0x3FC87478
A4: esp_wifi::wifi::DATA_QUEUE_RX_STA | B4: 20 | C4: ="0x"&DEC2HEX(HEX2DEC($C$1)+SUM(B$2:$B4)) -> 0x3FC8748C
A5: esp_wifi::preempt_builtin::timer::TIMER | B5: 16 | C5: ="0x"&DEC2HEX(HEX2DEC($C$1)+SUM(B$2:$B5)) -> 0x3FC8749C
A6: padding | B6: 4 | C6: ="0x"&DEC2HEX(HEX2DEC($C$1)+SUM(B$2:$B6)) -> 0x3FC874A0
A7: esp_wifi::wifi::internal::G_CONFIG | B7: 224 | C7: ="0x"&DEC2HEX(HEX2DEC($C$1)+SUM(B$2:$B7)) -> 0x3FC87580
A8: esp_wifi: g_wifi_feature_caps | B8: 8 | C8: ="0x"&DEC2HEX(HEX2DEC($C$1)+SUM(B$2:$B8)) -> 0x3FC87588
A9: esp_wifi::wifi::state::STA_STATE | B9: 4 | C9: ="0x"&DEC2HEX(HEX2DEC($C$1)+SUM(B$2:$B9)) -> 0x3FC8758C
A10: esp_wifi::wifi::state::AP_STATE | B10: 4 | C10: ="0x"&DEC2HEX(HEX2DEC($C$1)+SUM(B$2:$B10)) -> 0x3FC87590
A11: esp_hal_embassy::time_driver::DRIVER | B11: 32 | C11: ="0x"&DEC2HEX(HEX2DEC($C$1)+SUM(B$2:$B11)) -> 0x3FC875B0
C12: ="0x"&DEC2HEX(HEX2DEC($C$1)+SUM(B$2:$B12)) -> 0x3FC875B0
A13: esp_hal::timer..systimer..Alarm as esp_hal_embassy::TimeBase::timers::STATIC_TIMER_CELL | B13: 12 | C13: ="0x"&DEC2HEX(HEX2DEC($C$1)+SUM(B$2:$B13)) -> 0x3FC875BC
A14: esp_hal::soc::implementation::peripherals::UART as esp_hal::uart::Instance::parts::PERIPHERAL | B14: 20 | C14: ="0x"&DEC2HEX(HEX2DEC($C$1)+SUM(B$2:$B14)) -> 0x3FC875D0
C15: ="0x"&DEC2HEX(HEX2DEC($C$1)+SUM(B$2:$B15)) -> 0x3FC875D0
A16: libnet80211.a(ieee80211_api.o):(.data.WIFI_MESH_EVENT) | B16: 4 | C16: ="0x"&DEC2HEX(HEX2DEC($C$1)+SUM(B$2:$B16)) -> 0x3FC875D4
A17: libnet80211.a(ieee80211_api.o):(.data.g_wifi_event_mask) | B17: 4 | C17: ="0x"&DEC2HEX(HEX2DEC($C$1)+SUM(B$2:$B17)) -> 0x3FC875D8
A18: libnet80211.a(ieee80211_api.o):(.data.s_wifi_init_state) | B18: 4 | C18: ="0x"&DEC2HEX(HEX2DEC($C$1)+SUM(B$2:$B18)) -> 0x3FC875DC
A19: libnet80211.a(ieee80211_action.o):(.data.ba_recv_action) | B19: 12 | C19: ="0x"&DEC2HEX(HEX2DEC($C$1)+SUM(B$2:$B19)) -> 0x3FC875E8
A20: libnet80211.a(ieee80211_action.o):(.data.ba_send_action) | B20: 12 | C20: ="0x"&DEC2HEX(HEX2DEC($C$1)+SUM(B$2:$B20)) -> 0x3FC875F4
A21: libnet80211.a(ieee80211_action.o):(.data.ht_recv_action) | B21: 4 | C21: ="0x"&DEC2HEX(HEX2DEC($C$1)+SUM(B$2:$B21)) -> 0x3FC875F8
A22: libnet80211.a(ieee80211_action.o):(.data.ht_send_action) | B22: 4 | C22: ="0x"&DEC2HEX(HEX2DEC($C$1)+SUM(B$2:$B22)) -> 0x3FC875FC
A23: libnet80211.a(ieee80211_action.o):(.data.public_recv_action) | B23: 136 | C23: ="0x"&DEC2HEX(HEX2DEC($C$1)+SUM(B$2:$B23)) -> 0x3FC87684
A24: libnet80211.a(ieee80211_action.o):(.data.public_send_action) | B24: 136 | C24: ="0x"&DEC2HEX(HEX2DEC($C$1)+SUM(B$2:$B24)) -> 0x3FC8770C
A25: libnet80211.a(ieee80211_action.o):(.data.sa_query_recv_action) | B25: 8 | C25: ="0x"&DEC2HEX(HEX2DEC($C$1)+SUM(B$2:$B25)) -> 0x3FC87714
A26: libnet80211.a(ieee80211_action.o):(.data.sa_query_send_action) | B26: 8 | C26: ="0x"&DEC2HEX(HEX2DEC($C$1)+SUM(B$2:$B26)) -> 0x3FC8771C
A27: libnet80211.a(ieee80211_action.o):(.data.vendor_recv_action) | B27: 4 | C27: ="0x"&DEC2HEX(HEX2DEC($C$1)+SUM(B$2:$B27)) -> 0x3FC87720
... A55: padding | B55: 3 | C55: ="0x"&DEC2HEX(HEX2DEC($C$1)+SUM(B$2:$B55)) -> 0x3FC87A58
C56: ="0x"&DEC2HEX(HEX2DEC($C$1)+SUM(B$2:$B56)) -> 0x3FC87A58
A57: libphy.a(phy_init.o):(.data.phy_param) | B57: 832 | C57: ="0x"&DEC2HEX(HEX2DEC($C$1)+SUM(B$2:$B57)) -> 0x3FC87D98
A58: libphy.a(phy_analog_cal.o):(.data.wifi_ht20) | B58: 2 | C58: ="0x"&DEC2HEX(HEX2DEC($C$1)+SUM(B$2:$B58)) -> 0x3FC87D9A
A59: libphy.a(phy_analog_cal.o):(.data.wifi_ht40) | B59: 2 | C59: ="0x"&DEC2HEX(HEX2DEC($C$1)+SUM(B$2:$B59)) -> 0x3FC87D9C
A60: libpp.a(esf_buf.o):(.data.g_eb_list_desc) | B60: 220 | C60: ="0x"&DEC2HEX(HEX2DEC($C$1)+SUM(B$2:$B60)) -> 0x3FC87E78
A61: libpp.a(lmac.o):(.data.g_txop_queue_status) | B61: 3 | C61: ="0x"&DEC2HEX(HEX2DEC($C$1)+SUM(B$2:$B61)) -> 0x3FC87E7B
A62: padding | B62: 1 | C62: ="0x"&DEC2HEX(HEX2DEC($C$1)+SUM(B$2:$B62)) -> 0x3FC87E7C
C63: ="0x"&DEC2HEX(HEX2DEC($C$1)+SUM(B$2:$B63)) -> 0x3FC87E7C
A64: libpp.a(lmac.o):(.data.lmacConfMib) | B64: 48 | C64: ="0x"&DEC2HEX(HEX2DEC($C$1)+SUM(B$2:$B64)) -> 0x3FC87EAC
A65: libpp.a(pm.o):(.data.g_pm_cfg) | B65: 68 | C65: ="0x"&DEC2HEX(HEX2DEC($C$1)+SUM(B$2:$B65)) -> 0x3FC87EF0
A66: libpp.a(pp.o):(.data.TxRxCxt) | B66: 960 | C66: ="0x"&DEC2HEX(HEX2DEC($C$1)+SUM(B$2:$B66)) -> 0x3FC882B0
A67: libpp.a(pp_timer.o):(.data.g_pp_timer_info) | B67: 96 | C67: ="0x"&DEC2HEX(HEX2DEC($C$1)+SUM(B$2:$B67)) -> 0x3FC88310
A68: libpp.a(trc.o):(.data.BasicOFDMSched) | B68: 12 | C68: ="0x"&DEC2HEX(HEX2DEC($C$1)+SUM(B$2:$B68)) -> 0x3FC8831C
A69: libpp.a(trc.o):(.data.rc11BSchedTbl) | B69: 72 | C69: ="0x"&DEC2HEX(HEX2DEC($C$1)+SUM(B$2:$B69)) -> 0x3FC88364
A70: libpp.a(trc.o):(.data.rc11GSchedTbl) | B70: 156 | C70: ="0x"&DEC2HEX(HEX2DEC($C$1)+SUM(B$2:$B70)) -> 0x3FC88400
A71: libpp.a(trc.o):(.data.rc11NSchedTbl) | B71: 168 | C71: ="0x"&DEC2HEX(HEX2DEC($C$1)+SUM(B$2:$B71)) -> 0x3FC884A8
A72: libpp.a(trc.o):(.data.rcLoRaSchedTbl) | B72: 24 | C72: ="0x"&DEC2HEX(HEX2DEC($C$1)+SUM(B$2:$B72)) -> 0x3FC884C0
A73: libpp.a(trc.o):(.data.rcP2P11GSchedTbl) | B73: 96 | C73: ="0x"&DEC2HEX(HEX2DEC($C$1)+SUM(B$2:$B73)) -> 0x3FC88520
A74: libpp.a(trc.o):(.data.rcP2P11NSchedTbl) | B74: 120 | C74: ="0x"&DEC2HEX(HEX2DEC($C$1)+SUM(B$2:$B74)) -> 0x3FC88598
A75: libpp.a(trc.o):(.data.trc_ctl) | B75: 28 | C75: ="0x"&DEC2HEX(HEX2DEC($C$1)+SUM(B$2:$B75)) -> 0x3FC885B4
A76: libpp.a(wdev.o):(.data.BcnInterval) | B76: 4 | C76: ="0x"&DEC2HEX(HEX2DEC($C$1)+SUM(B$2:$B76)) -> 0x3FC885B8
A77: libpp.a(wdev.o):(.data.wDevCtrl) | B77: 56 | C77: ="0x"&DEC2HEX(HEX2DEC($C$1)+SUM(B$2:$B77)) -> 0x3FC885F0 | D77: =SUM(B$2:$B77) -> 4496 | E77: ="0x"&DEC2HEX(D77) -> 0x1190

Sheet .bss
C1: 3FC887e0
A2: libwpa_supplicant.a(esp_wpa_main.c.obj):(.sbss.wpa_cb) | B2: 4 | C2: ="0x"&DEC2HEX(HEX2DEC($C$1)+SUM(B$2:$B2)) -> 0x3FC887E4
A3: libwpa_supplicant.a(esp_wpa_main.c.obj):(.sbss.wifi_funcs) | B3: 4 | C3: ="0x"&DEC2HEX(HEX2DEC($C$1)+SUM(B$2:$B3)) -> 0x3FC887E8
A4: libwpa_supplicant.a(esp_wpa_main.c.obj):(.sbss.g_wpa_pmk_caching_disabled) | B4: 1 | C4: ="0x"&DEC2HEX(HEX2DEC($C$1)+SUM(B$2:$B4)) -> 0x3FC887E9
A5: padding | B5: 3 | C5: ="0x"&DEC2HEX(HEX2DEC($C$1)+SUM(B$2:$B5)) -> 0x3FC887EC
A6: libwpa_supplicant.a(eloop.c.obj):(.sbss.eloop_data_lock) | B6: 4 | C6: ="0x"&DEC2HEX(HEX2DEC($C$1)+SUM(B$2:$B6)) -> 0x3FC887F0
A7: libwpa_supplicant.a(esp_eap_client.c.obj):(.sbss.gEapSm) | B7: 4 | C7: ="0x"&DEC2HEX(HEX2DEC($C$1)+SUM(B$2:$B7)) -> 0x3FC887F4
A8: libwpa_supplicant.a(wpa_auth.c.obj):(.sbss.s_sm_valid_bitmap) | B8: 4 | C8: ="0x"&DEC2HEX(HEX2DEC($C$1)+SUM(B$2:$B8)) -> 0x3FC887F8
A9: libwpa_supplicant.a(esp_wps.c.obj):(.sbss.s_wps_sm_cb) | B9: 4 | C9: ="0x"&DEC2HEX(HEX2DEC($C$1)+SUM(B$2:$B9)) -> 0x3FC887FC
A10: libwpa_supplicant.a(esp_hostap.c.obj):(.sbss.global_hapd) | B10: 4 | C10: ="0x"&DEC2HEX(HEX2DEC($C$1)+SUM(B$2:$B10)) -> 0x3FC88800
C11: ="0x"&DEC2HEX(HEX2DEC($C$1)+SUM(B$2:$B11)) -> 0x3FC88800
A12: uart_udp_server::udp::server::POOL | B12: 848 | C12: ="0x"&DEC2HEX(HEX2DEC($C$1)+SUM(B$2:$B12)) -> 0x3FC88B50
A13: uart_udp_server::debug_pin::DEBUG_PIN | B13: 2 | C13: ="0x"&DEC2HEX(HEX2DEC($C$1)+SUM(B$2:$B13)) -> 0x3FC88B52
A14: padding | B14: 6 | C14: ="0x"&DEC2HEX(HEX2DEC($C$1)+SUM(B$2:$B14)) -> 0x3FC88B58
A15: uart_udp_server::uart::client::POOL | B15: 216 | C15: ="0x"&DEC2HEX(HEX2DEC($C$1)+SUM(B$2:$B15)) -> 0x3FC88C30
A16: uart_udp_server::__embassy_main::POOL | B16: 40 | C16: ="0x"&DEC2HEX(HEX2DEC($C$1)+SUM(B$2:$B16)) -> 0x3FC88C58
A17: uart_udp_server::run::POOL | B17: 56 | C17: ="0x"&DEC2HEX(HEX2DEC($C$1)+SUM(B$2:$B17)) -> 0x3FC88C90
A18: uart_udp_server::net_task::POOL | B18: 72 | C18: ="0x"&DEC2HEX(HEX2DEC($C$1)+SUM(B$2:$B18)) -> 0x3FC88CD8
A19: uart_udp_server::____embassy_main_task::closure::HEAP | B19: 98304 | C19: ="0x"&DEC2HEX(HEX2DEC($C$1)+SUM(B$2:$B19)) -> 0x3FCA0CD8
A20: uart_udp_server::____embassy_main_task::closure::STATIC_CELL | B20: 1 | C20: ="0x"&DEC2HEX(HEX2DEC($C$1)+SUM(B$2:$B20)) -> 0x3FCA0CD9
A21: padding | B21: 7 | C21: ="0x"&DEC2HEX(HEX2DEC($C$1)+SUM(B$2:$B21)) -> 0x3FCA0CE0
A22: uart_udp_server::____embassy_main_task::closure::STATIC_CELL | B22: 776 | C22: ="0x"&DEC2HEX(HEX2DEC($C$1)+SUM(B$2:$B22)) -> 0x3FCA0FE8
A23: uart_udp_server::____embassy_main_task::closure::STATIC_CELL | B23: 68 | C23: ="0x"&DEC2HEX(HEX2DEC($C$1)+SUM(B$2:$B23)) -> 0x3FCA102C
... A25: uart_udp_server::____embassy_main_task::closure::STATIC_CELL | B25: 68 | C25: ="0x"&DEC2HEX(HEX2DEC($C$1)+SUM(B$2:$B25)) -> 0x3FCA109C
A26: uart_udp_server::____embassy_main_task::closure::STATIC_CELL | B26: 44
A27: __rust_no_alloc_shim_is_unstable | B27: 1 | C27: ="0x"&DEC2HEX(HEX2DEC($C$1)+SUM(B$2:$B27)) -> 0x3FCA10C9
A28: esp_wifi::common_adapter::chip_specific::SOC_PHY_DIG_REGS_MEM | B28: 84 | C28: ="0x"&DEC2HEX(HEX2DEC($C$1)+SUM(B$2:$B28)) -> 0x3FCA111D
A29: padding | B29: 3 | C29: ="0x"&DEC2HEX(HEX2DEC($C$1)+SUM(B$2:$B29)) -> 0x3FCA1120
A30: esp_wifi::preempt_builtin::SCHEDULER_STATE | B30: 12 | C30: ="0x"&DEC2HEX(HEX2DEC($C$1)+SUM(B$2:$B30)) -> 0x3FCA112C
A31: esp_wifi::wifi::os_adapter::WIFI_LOCK | B31: 1 | C31: ="0x"&DEC2HEX(HEX2DEC($C$1)+SUM(B$2:$B31)) -> 0x3FCA112D
A32: padding | B32: 3 | C32: ="0x"&DEC2HEX(HEX2DEC($C$1)+SUM(B$2:$B32)) -> 0x3FCA1130
A33: esp_wifi::wifi::os_adapter::QUEUE_HANDLE | B33: 4 | C33: ="0x"&DEC2HEX(HEX2DEC($C$1)+SUM(B$2:$B33)) -> 0x3FCA1134
A34: esp_wifi::common_adapter::chip_specific::G_PHY_DIGITAL_REGS_MEM | B34: 4 | C34: ="0x"&DEC2HEX(HEX2DEC($C$1)+SUM(B$2:$B34)) -> 0x3FCA1138
A35: esp_wifi::wifi::embassy::STA_RECEIVE_WAKER | B35: 12 | C35: ="0x"&DEC2HEX(HEX2DEC($C$1)+SUM(B$2:$B35)) -> 0x3FCA1144
A36: esp_wifi::wifi::embassy::AP_RECEIVE_WAKER | B36: 12 | C36: ="0x"&DEC2HEX(HEX2DEC($C$1)+SUM(B$2:$B36)) -> 0x3FCA1150
A37: esp_wifi::wifi::embassy::TRANSMIT_WAKER | B37: 12 | C37: ="0x"&DEC2HEX(HEX2DEC($C$1)+SUM(B$2:$B37)) -> 0x3FCA115C
A38: esp_wifi::wifi::os_adapter::ISR_INTERRUPT_1 | B38: 8 | C38: ="0x"&DEC2HEX(HEX2DEC($C$1)+SUM(B$2:$B38)) -> 0x3FCA1164
... A77: console::jtag_serial::TIMED_OUT | B77: 1 | C77: ="0x"&DEC2HEX(HEX2DEC($C$1)+SUM(B$2:$B77)) -> 0x3FCA1896
C78: ="0x"&DEC2HEX(HEX2DEC($C$1)+SUM(B$2:$B78)) -> 0x3FCA1896
A79: libnet80211.a(ieee80211_api.o):(.bss.s_net80211_data_init) | B79: 1 | C79: ="0x"&DEC2HEX(HEX2DEC($C$1)+SUM(B$2:$B79)) -> 0x3FCA1897
A80: padding | B80: 1 | C80: ="0x"&DEC2HEX(HEX2DEC($C$1)+SUM(B$2:$B80)) -> 0x3FCA1898
A81: libnet80211.a(ieee80211_api.o):(.bss.s_wifi_api_lock) | B81: 4 | C81: ="0x"&DEC2HEX(HEX2DEC($C$1)+SUM(B$2:$B81)) -> 0x3FCA189C
A82: libnet80211.a(ieee80211_api.o):(.bss.s_wifi_stop_in_progress) | B82: 1 | C82: ="0x"&DEC2HEX(HEX2DEC($C$1)+SUM(B$2:$B82)) -> 0x3FCA189D
A83: padding | B83: 3 | C83: ="0x"&DEC2HEX(HEX2DEC($C$1)+SUM(B$2:$B83)) -> 0x3FCA18A0
C84: ="0x"&DEC2HEX(HEX2DEC($C$1)+SUM(B$2:$B84)) -> 0x3FCA18A0
A85: libcore.a(misc_nvs.o):(.bss.g_log_level) | B85: 4 | C85: ="0x"&DEC2HEX(HEX2DEC($C$1)+SUM(B$2:$B85)) -> 0x3FCA18A4
A86: libcore.a(misc_nvs.o):(.bss.g_misc_nvs) | B86: 4 | C86: ="0x"&DEC2HEX(HEX2DEC($C$1)+SUM(B$2:$B86)) -> 0x3FCA18A8
A87: libcore.a(misc_nvs.o):(.bss.g_misc_nvs_init) | B87: 1 | C87: ="0x"&DEC2HEX(HEX2DEC($C$1)+SUM(B$2:$B87)) -> 0x3FCA18A9
A88: padding | B88: 3 | C88: ="0x"&DEC2HEX(HEX2DEC($C$1)+SUM(B$2:$B88)) -> 0x3FCA18AC
C89: ="0x"&DEC2HEX(HEX2DEC($C$1)+SUM(B$2:$B89)) -> 0x3FCA18AC
A90: libnet80211.a(ieee80211.o):(.bss.g_ic) | B90: 668 | C90: ="0x"&DEC2HEX(HEX2DEC($C$1)+SUM(B$2:$B90)) -> 0x3FCA1B48
A91: libnet80211.a(ieee80211_action_vendor.o):(.bss.avs_cb) | B91: 4 | C91: ="0x"&DEC2HEX(HEX2DEC($C$1)+SUM(B$2:$B91)) -> 0x3FCA1B4C
A92: libnet80211.a(ieee80211_action_vendor.o):(.bss.avs_rx_content) | B92: 4 | C92: ="0x"&DEC2HEX(HEX2DEC($C$1)+SUM(B$2:$B92)) -> 0x3FCA1B50
A93: libnet80211.a(ieee80211_action_vendor.o):(.bss.get_key_cb) | B93: 4 | C93: ="0x"&DEC2HEX(HEX2DEC($C$1)+SUM(B$2:$B93)) -> 0x3FCA1B54
A94: libnet80211.a(ieee80211_crypto.o):(.bss.wpa_crypto_funcs) | B94: 116 | C94: ="0x"&DEC2HEX(HEX2DEC($C$1)+SUM(B$2:$B94)) -> 0x3FCA1BC8
A95: libnet80211.a(ieee80211_debug.o):(.bss.g_hmac_cnt) | B95: 64 | C95: ="0x"&DEC2HEX(HEX2DEC($C$1)+SUM(B$2:$B95)) -> 0x3FCA1C08
A96: libnet80211.a(ieee80211_ftm.o):(.bss.ftm_req_expiry_timer) | B96: 20 | C96: ="0x"&DEC2HEX(HEX2DEC($C$1)+SUM(B$2:$B96)) -> 0x3FCA1C1C
A97: libnet80211.a(ieee80211_ftm.o):(.bss.ftm_resp_ctx) | B97: 12 | C97: ="0x"&DEC2HEX(HEX2DEC($C$1)+SUM(B$2:$B97)) -> 0x3FCA1C28
A98: libnet80211.a(ieee80211_ftm.o):(.bss.ftmr_timer) | B98: 20 | C98: ="0x"&DEC2HEX(HEX2DEC($C$1)+SUM(B$2:$B98)) -> 0x3FCA1C3C
A99: libnet80211.a(ieee80211_ftm.o):(.bss.g_ftm_report_data) | B99: 4 | C99: ="0x"&DEC2HEX(HEX2DEC($C$1)+SUM(B$2:$B99)) -> 0x3FCA1C40
A100: libnet80211.a(ieee80211_ftm.o):(.bss.g_ftm_report_num_entries) | B100: 1 | C100: ="0x"&DEC2HEX(HEX2DEC($C$1)+SUM(B$2:$B100)) -> 0x3FCA1C41
A101: libnet80211.a(ieee80211_ftm.o):(.bss.g_ftm_using_get_report_api) | B101: 1 | C101: ="0x"&DEC2HEX(HEX2DEC($C$1)+SUM(B$2:$B101)) -> 0x3FCA1C42
... A169: libnet80211.a(wl_offchan.o):(.bss.ctx) | B169: 8 | C169: ="0x"&DEC2HEX(HEX2DEC($C$1)+SUM(B$2:$B169)) -> 0x3FCA3634
C170: ="0x"&DEC2HEX(HEX2DEC($C$1)+SUM(B$2:$B170)) -> 0x3FCA3634
A171: libphy.a(phy_debug.o):(.bss.phy_version_str) | B171: 40 | C171: ="0x"&DEC2HEX(HEX2DEC($C$1)+SUM(B$2:$B171)) -> 0x3FCA365C
A172: libphy.a(phy_init.o):(.bss.chip7_phy_init_ctrl) | B172: 42 | C172: ="0x"&DEC2HEX(HEX2DEC($C$1)+SUM(B$2:$B172)) -> 0x3FCA3686
A173: padding | B173: 2 | C173: ="0x"&DEC2HEX(HEX2DEC($C$1)+SUM(B$2:$B173)) -> 0x3FCA3688
A174: libphy.a(phy_init.o):(.bss.g_phyFuns) | B174: 4 | C174: ="0x"&DEC2HEX(HEX2DEC($C$1)+SUM(B$2:$B174)) -> 0x3FCA368C
A175: libphy.a(phy_init.o):(.bss.new_rom.4589) | B175: 1 | C175: ="0x"&DEC2HEX(HEX2DEC($C$1)+SUM(B$2:$B175)) -> 0x3FCA368D
A176: padding | B176: 3 | C176: ="0x"&DEC2HEX(HEX2DEC($C$1)+SUM(B$2:$B176)) -> 0x3FCA3690
A177: libphy.a(phy_rom.o):(.bss.phy_param_rom) | B177: 4 | C177: ="0x"&DEC2HEX(HEX2DEC($C$1)+SUM(B$2:$B177)) -> 0x3FCA3694
C178: ="0x"&DEC2HEX(HEX2DEC($C$1)+SUM(B$2:$B178)) -> 0x3FCA3694
A179: libpp.a(esf_buf.o):(.bss.eb_space) | B179: 192 | C179: ="0x"&DEC2HEX(HEX2DEC($C$1)+SUM(B$2:$B179)) -> 0x3FCA3754
A180: libpp.a(if_hwctrl.o):(.bss.if_ctrl) | B180: 40 | C180: ="0x"&DEC2HEX(HEX2DEC($C$1)+SUM(B$2:$B180)) -> 0x3FCA377C
A181: libpp.a(if_hwctrl.o):(.bss.s_is_6m) | B181: 1 | C181: ="0x"&DEC2HEX(HEX2DEC($C$1)+SUM(B$2:$B181)) -> 0x3FCA377D
A182: padding | B182: 3 | C182: ="0x"&DEC2HEX(HEX2DEC($C$1)+SUM(B$2:$B182)) -> 0x3FCA3780
A183: libpp.a(pm.o):(.bss.beacon_monitor_data.11921) | B183: 20 | C183: ="0x"&DEC2HEX(HEX2DEC($C$1)+SUM(B$2:$B183)) -> 0x3FCA3794
A184: padding | B184: 4 | C184: ="0x"&DEC2HEX(HEX2DEC($C$1)+SUM(B$2:$B184)) -> 0x3FCA3798
A185: libpp.a(pm.o):(.bss.beacon_monitor_tbtt_time.11901) | B185: 8 | C185: ="0x"&DEC2HEX(HEX2DEC($C$1)+SUM(B$2:$B185)) -> 0x3FCA37A0
A186: libpp.a(pm.o):(.bss.g_pm) | B186: 464 | C186: ="0x"&DEC2HEX(HEX2DEC($C$1)+SUM(B$2:$B186)) -> 0x3FCA3970
A187: libpp.a(pm.o):(.bss.g_pm_tx_null_func) | B187: 4 | C187: ="0x"&DEC2HEX(HEX2DEC($C$1)+SUM(B$2:$B187)) -> 0x3FCA3974
A188: padding | B188: 4 | C188: ="0x"&DEC2HEX(HEX2DEC($C$1)+SUM(B$2:$B188)) -> 0x3FCA3978
A189: libpp.a(pp.o):(.bss.s_fragment) | B189: 16 | C189: ="0x"&DEC2HEX(HEX2DEC($C$1)+SUM(B$2:$B189)) -> 0x3FCA3988
A190: libpp.a(pp_debug.o):(.bss.g_lmac_cnt) | B190: 192 | C190: ="0x"&DEC2HEX(HEX2DEC($C$1)+SUM(B$2:$B190)) -> 0x3FCA3A48
... A203: libpp.a(hal_tsf.o):(.bss.s_tbttstart) | B203: 8 | C203: ="0x"&DEC2HEX(HEX2DEC($C$1)+SUM(B$2:$B203)) -> 0x3FCA3B38
C204: ="0x"&DEC2HEX(HEX2DEC($C$1)+SUM(B$2:$B204)) -> 0x3FCA3B38
A205: libwpa_supplicant.a(wpa.c.obj):(.bss.assoc_ie_buf) | B205: 48 | C205: ="0x"&DEC2HEX(HEX2DEC($C$1)+SUM(B$2:$B205)) -> 0x3FCA3B68
A206: libwpa_supplicant.a(wpa.c.obj):(.bss.gWpaSm) | B206: 812 | C206: ="0x"&DEC2HEX(HEX2DEC($C$1)+SUM(B$2:$B206)) -> 0x3FCA3E94
A207: libwpa_supplicant.a(eloop.c.obj):(.bss.eloop) | B207: 32 | C207: ="0x"&DEC2HEX(HEX2DEC($C$1)+SUM(B$2:$B207)) -> 0x3FCA3EB4
A208: libwpa_supplicant.a(wpa_auth.c.obj):(.bss.s_sm_table) | B208: 64 | C208: ="0x"&DEC2HEX(HEX2DEC($C$1)+SUM(B$2:$B208)) -> 0x3FCA3EF4
A209: padding | B209: 4 | C209: ="0x"&DEC2HEX(HEX2DEC($C$1)+SUM(B$2:$B209)) -> 0x3FCA3EF8
A210: libwpa_supplicant.a(esp_common.c.obj):(.bss.g_wpa_supp) | B210: 144 | C210: ="0x"&DEC2HEX(HEX2DEC($C$1)+SUM(B$2:$B210)) -> 0x3FCA3F88 | D210: =SUM(B$2:$B211) -> 112552 | E210: ="0x"&DEC2HEX(D210) -> 0x1B7A8

Sheet .rodata
C1: 3C000020
A2: embassy_executor::raw::TaskStorage::poll | B2: 32 | C2: ="0x"&DEC2HEX(HEX2DEC(C$1)+SUM($B$2:B2)) -> 0x3C000040
A3: embassy_executor::raw::TaskStorage::poll | B3: 28 | C3: ="0x"&DEC2HEX(HEX2DEC(C$1)+SUM($B$2:B3)) -> 0x3C00005C
A4: .Lanon | B4: 208 | C4: ="0x"&DEC2HEX(HEX2DEC(C$1)+SUM($B$2:B4)) -> 0x3C00012C
A5: esp_wifi::wifi::embassy imp embassy_net_driver::TxToken for esp_wifi::wifi::WifiTxToken::consume | B5: 52 | C5: ="0x"&DEC2HEX(HEX2DEC(C$1)+SUM($B$2:B5)) -> 0x3C000160
A6: .Lanon | B6: 304 | C6: ="0x"&DEC2HEX(HEX2DEC(C$1)+SUM($B$2:B6)) -> 0x3C000290
A7: anon | B7: 92 | C7: ="0x"&DEC2HEX(HEX2DEC(C$1)+SUM($B$2:B7)) -> 0x3C0002EC
A8: .Lanon | B8: 3 | C8: ="0x"&DEC2HEX(HEX2DEC(C$1)+SUM($B$2:B8)) -> 0x3C0002EF
A9: anon | B9: 101 | C9: ="0x"&DEC2HEX(HEX2DEC(C$1)+SUM($B$2:B9)) -> 0x3C000354
A10: .Lanon | B10: 84 | C10: ="0x"&DEC2HEX(HEX2DEC(C$1)+SUM($B$2:B10)) -> 0x3C0003A8
A11: anon | B11: 344 | C11: ="0x"&DEC2HEX(HEX2DEC(C$1)+SUM($B$2:B11)) -> 0x3C000500
A12: .Lanon | B12: 76 | C12: ="0x"&DEC2HEX(HEX2DEC(C$1)+SUM($B$2:B12)) -> 0x3C00054C
A13: anon | B13: 180 | C13: ="0x"&DEC2HEX(HEX2DEC(C$1)+SUM($B$2:B13)) -> 0x3C000600
... A98: libwpa_supplicant.a(sha1-internal.c.obj):(.srodata.memset_func) | B98: 4 | C98: ="0x"&DEC2HEX(HEX2DEC(C$1)+SUM($B$2:B98)) -> 0x3C0035C4
A99: libwpa_supplicant.a(sha1.c.obj):(.srodata.memset_func) | B99: 4 | C99: ="0x"&DEC2HEX(HEX2DEC(C$1)+SUM($B$2:B99)) -> 0x3C0035C8 | D99: =SUM(B$2:$B100) -> 13736 | E99: ="0x"&DEC2HEX(D99) -> 0x35A8

Sheet .esp-hal
A1: _setup_interrupts | B1: 718
A2: esp_hal::interrupt::riscv::vectored::enable | B2: 52
A3: hal_main | B3: 8
A4: esp_hal::init | B4: 398
A5: EspDefaultHandler | B5: 2
A6: _critical_section_1_0_acquire | B6: 10
A7: _critical_section_1_0_release | B7: 12
A9: esp_hal::clock::Clocks::get | B9: 22
A10: esp_hal::clock::clocks_ll::esp32c3_rtc_bbpll_configure | B10: 390
A11: esp_hal::clock::clocks_ll::enable_phy | B11: 36
A12: esp_hal::clock::clocks_ll::reset_mac | B12: 20
A13: esp_hal::clock::clocks_ll::init_clocks | B13: 62
... A20: esp_hal::timer::OneShotTimer::stop | B20: 50
A21: esp_hal::timer::PeriodicTimer::set_interrupt_handler
A22: esp_hal::timer::OneShotTimer::set_interrupt_handler | B22: 116
A23: esp_hal::timer::PeriodicTime::::enable_interrupt
A24: esp_hal::timer::OneShotTimer::enable_interrupt | B24: 58
A25: esp_hal::timer::PeriodicTime::clear_interrupt
A26: esp_hal::timer::OneShotTimer::clear_interrupt | B26: 64
A27: esp_hal::timer::PeriodicTimer::start | B27: 510
A29: esp_hal::soc::implementation::peripherals::TIMG0 as
A30: esp_hal::timer::timg::TimerGroupInstance::configure_src_clk | B30: 14
A31: esp_hal::soc::implementation::peripherals::TIMG0 as
A32: esp_hal::timer::timg::TimerGroupInstance::enable_peripheral | B32: 44
A33: esp_hal::soc::implementation::peripherals::TIMG0 as
A34: esp_hal::timer::timg::TimerGroupInstance::configure_wdt_src_clk | B34: 18
A36: esp_hal::uart::UartBuilder::init | B36: 822
A37: esp_hal::uart::UartTx::flush_last_byte | B37: 36
A38: esp_hal::uart::UartRx::apply_config | B38: 222
A39: esp_hal::uart::Uart::apply_config | B39: 440
A40: esp_hal::uart::Uart::set_at_cmd | B40: 110
A41: esp_hal::uart::Uart::with_tx | B41: 306
A42: esp_hal::uart::rx_event_check_for_error | B42: 100
A43: esp_hal::uart::Info::set_rx_fifo_full_threshold | B43: 28
A44: esp_hal::uart::Info::rx_fifo_full_threshold | B44: 10
A45: esp_hal::uart::Info::rxfifo_reset | B45: 68
A46: esp_hal::uart::Info::tx_fifo_count | B46: 10
... A57: esp_hal::gpio::PinGuard as core::ops::drop::Drop | B57: 60
A58: esp_hal::gpio::interconnect::InputSignal
A59: as esp_hal::gpio::interconnect::PeripheralSignal::connect_input_to_peripheral
A60: esp_hal::gpio::interconnect::OutputSignal
A61: as esp_hal::gpio::interconnect::PeripheralSignal::connect_input_to_peripheral | B61: 178
A62: esp_hal::gpio::interconnect::OutputSignal::connect_with_guard | B62: 200
A65: esp_hal::rtc_cntl::reset_reason | B65: 46
A66: esp_hal::soc::implementation::peripherals::UART1 as
A67: esp_hal::uart::Instance::parts::__esp_hal_internal_irq_handler | B67: 248
A68: esp_hal::soc impl esp_hal::soc::implementation::efuse::Efuse::mac_address | B68: 126
A69: esp_hal::soc::implementation::gpio::io_mux_reg | B69: 20
A70: esp_hal::soc::implementation::peripherals impl core::convert::From
A71: esp_hal::soc::implementation::peripherals::GPIO2 for esp_hal::gpio::AnyPin from | B71: 4
A72: esp_hal::soc::implementation::peripherals impl core::convert::From
A73: esp_hal::soc::implementation::peripherals::GPIO3 for esp_hal::gpio::AnyPin from | B73: 4
A74: esp_hal::soc::implementation::peripherals impl esp_hal::gpio::AnyPin::steal | B74: 24
A76: esp_hal::sync2::GenericRawMutex::lock | B76: 210
A77: esp_hal::sync2::GenericRawMutex::lock | B77: 220
A78: esp_hal::sync2::GenericRawMutex::lock | B78: 424
A80: esp_hal::sync::single_core::InterruptLock as
A81: esp_hal::sync::single_core::RawLock::enter | B81: 10
A82: esp_hal::sync::single_core::InterruptLock as
A83: esp_hal::sync::single_core::RawLock::exit | B83: 12
A84: esp_hal::sync::RawMutex::acquire | B84: 26
A85: esp_hal::sync::RawMutex::release | B85: 18 | C85: =SUM(B$1:$B85) -> 8740 | D85: ="0x"&DEC2HEX(C85) -> 0x2224

Sheet embassy
A1: .embassy
B2: embassy_executor::raw::poll_exited | C2: 2
B4: // these are the two tasks (put into .main)
B5: //embassy_executor::raw::TaskStorage::poll
B6: //embassy_executor::raw::TaskStorage::poll
B8: embassy_executor::raw::util::UninitCell::write_in_place | C8: 18
B9: embassy_executor::raw::util::UninitCell::write_in_place | C9: 22
B10: embassy_executor::raw::util::UninitCell::write_in_place | C10: 12
B11: embassy_executor::raw::util::UninitCell::write_in_place | C11: 8
B12: embassy_executor::raw::util::UninitCell::write_in_place | C12: 6
B14: embassy_executor::raw::waker::clone | C14: 16
B15: embassy_executor::raw::waker::wake | C15: 84
B16: embassy_executor::raw::waker::drop | C16: 2
B17: embassy_executor::raw::waker::task_from_waker | C17: 20
B19: embassy_executor::raw::Executor::poll | C19: 60
B20: embassy_executor::raw::wake_task | C20: 84
B21: embassy_executor::spawner::Spawner::spawn | C21: 70
... B40: embassy_futures::select::Select as core::future::future::Future::poll | C40: 730
B42: core::ptr::drop_in_place core::result::Result
B43: embassy_sync::zerocopy_channel::Channel
B44: embassy_sync::blocking_mutex::raw::NoopRawMutex
B45: uart_udp_server::ChannelItem | C45: 46
B47: embassy_sync::waitqueue::waker_registration::WakerRegistration::register | C47: 86
B48: embassy_sync::waitqueue::waker_registration::WakerRegistration::wake | C48: 18
B49: embassy_sync::zerocopy_channel::State::push_done | C49: 56
B50: embassy_sync::zerocopy_channel::State::pop_done | C50: 58 | D50: =SUM($B$1:C50) -> 5128 | E50: ="0x"&DEC2HEX(D50) -> 0x1408
A53: .esp_embassy
B54: esp_hal_embassy::Executor::run | C54: 88
B55: esp_hal_embassy::Executor::wait_impl | C55: 42
B56: esp_hal_embassy::time_driver::EmbassyTimer::init | C56: 96
B57: esp_hal_embassy::time_driver::DRIVER::handler | C57: 54
B58: esp_hal_embassy::timer_queue::TimerQueue::dispatch | C58: 480 | D58: =SUM($B$54:C58) -> 760 | E58: ="0x"&DEC2HEX(D58) -> 0x2F8

Sheet alloc+atomic
A1: .esp_alloc
B2: esp_alloc::EspHeap::init | C2: 142
B3: esp_alloc::EspHeap as core::alloc::global::GlobalAlloc::alloc | C3: 112
B4: esp_alloc::EspHeap as core::alloc::global::GlobalAlloc::dealloc | C4: 150
B6: ___rustc12___rust_alloc | C6: 138
B7: ___rustc14___rust_dealloc | C7: 182
B8: ___rustc14___rust_realloc | C8: 308
B9: ___rustc19___rust_alloc_zeroed | C9: 168
B11: linked_list_allocator::hole::HoleList::allocate_first_fit | C11: 248
B12: linked_list_allocator::hole::HoleList::deallocate | C12: 292
B13: linked_list_allocator::Heap::init | C13: 52
B14: linked_list_allocator::Heap::allocate_first_fit | C14: 48
B15: linked_list_allocator::Heap::deallocate | C15: 32
B17: allocator_api::raw_vec::capacity_overflow | C17: 2
B18: allocator_api::vec::Vec::swap_remove::assert_failed | C18: 2 | D18: =SUM($C2:C$18) -> 1876 | E18: ="0x"&DEC2HEX(D18) -> 0x754
A21: .port_atomic
B22: portable_atomic::AtomicBool::load | C22: 72
B23: portable_atomic::AtomicUsize::load
B24: portable_atomic::AtomicU32::load | C24: 42
B25: portable_atomic::AtomicUsize::store
B26: portable_atomic::AtomicU32::store | C26: 42 | D26: =SUM($C22:C$26) -> 156 | E26: ="0x"&DEC2HEX(D26) -> 0x9C

Sheet .esp-wifi
A1: esp_wifi::init_clocks | B1: 8
A3: esp_wifi::common_adapter::semphr_create | B3: 50
A5: esp_wifi::wifi::os_adapter:spin_lock_delete
A6: esp_wifi::common_adapter::semphr_delete
A7: esp_wifi::wifi::os_adapter::mutex_delete | B7: 30
A8: esp_wifi::common_adapter::read_mac | B8: 138
A9: esp_wifi::common_adapter::chip_specific::enable_wifi_power_domain | B9: 64
A11: puts | B11: 2
A12: ets_timer_disarm | B12: 104
A13: ets_timer_setfn | B13: 52
A15: esp_wifi::compat::common::lock_mutex | B15: 172
A16: esp_wifi::compat::common::sem_take | B16: 310
A17: esp_wifi::compat::common::receive_queued | B17: 248
A18: strnlen | B18: 20
A20: strrchr | B20: 2
A21: sleep | B21: 28
... A32: esp_wifi::preempt::enable | B32: 8
A33: esp_wifi::preempt_builtin::timer::arch_specific::yield_task
A34: esp_wifi::preempt::yield_task | B34: 14
A35: esp_wifi::5preempt_builtin::timer::timer_tick_handler | B35: 180
A36: esp_wifi::preempt_builtin::timer::arch_specific::setup_timer | B36: 192
A37: FROM_CPU_INTR2 | B37: 108
A38: esp_wifi::preempt_builtin::SchedulerState::switch_task | B38: 368
A39: esp_wifi::preempt_builtin::BuiltinScheduler as
A40: esp_wifi::preempt::Scheduler::task_create | B40: 326
A42: esp_wifi::tasks::init_tasks | B42: 20
A43: esp_wifi::tasks::timer_task | B43: 296
A45: esp_wifi::wifi::new | B45: 428
A46: esp_wifi::wifi::esp_wifi_send_data | B46: 98
A48: esp_wifi::wifi::os_adapter::spin_lock_create | B48: 46
A49: esp_wifi::wifi::os_adapter::wifi_int_disable | B49: 16
A50: esp_wifi::wifi::os_adapter::wifi_int_restore | B50: 16
A51: esp_wifi_preempt_current_task_thread_semaphore
A52: esp_wifi::wifi::os_adapter::wifi_thread_semphr_get | B52: 78
A53: esp_wifi::wifi::os_adapter::recursive_mutex_create | B53: 58
A54: esp_wifi::wifi::os_adapter::mutex_lock | B54: 8
A55: esp_wifi::wifi::os_adapter::mutex_unlock | B55: 66
A56: esp_wifi::wifi::os_adapter::queue_send | B56: 26
A57: esp_wifi::wifi::os_adapter::queue_send_from_isr | B57: 34
A58: esp_wifi::wifi::os_adapter::queue_recv | B58: 8
A59: esp_wifi::wifi::os_adapter::task_create_pinned_to_core | B59: 38
A60: esp_wifi::wifi::os_adapter::task_delay | B60: 214
A61: esp_wifi::wifi::os_adapter::task_ms_to_tick | B61: 10
A62: esp_wifi_preempt_current_task
A63: esp_wifi::wifi::os_adapter::task_get_current_task | B63: 76
A64: esp_wifi::wifi::os_adapter::task_get_max_priority | B64: 6
A65: esp_wifi::wifi::os_adapter::log_timestamp | B65: 46
A66: esp_wifi_allocate_from_internal_ram
A67: malloc | B67: 44
A68: esp_wifi::wifi::os_adapter::malloc
A69: esp_wifi::wifi::os_adapter::malloc_internal
A70: esp_wifi::wifi::os_adapter::wifi_malloc | B70: 44
A71: calloc | B71: 74
A72: esp_wifi::wifi::os_adapter::calloc_internal
A73: esp_wifi::wifi::os_adapter::wifi_calloc | B73: 74
A74: esp_wifi::wifi::os_adapter::zalloc_internal
A75: esp_wifi::wifi::os_adapter::wifi_zalloc | B75: 72
A76: free | B76: 30
A77: esp_wifi::wifi::os_adapter::free | B77: 30
A78: esp_wifi::wifi::os_adapter::wifi_create_queue | B78: 160
A79: esp_wifi::wifi::os_adapter::wifi_delete_queue | B79: 48
A80: esp_wifi::wifi::os_adapter::coex_register_start_cb | B80: 4
A81: esp_wifi::wifi::os_adapter::os_adapter_chip_specific::set_isr | B81: 78
A82: esp_wifi::wifi::os_adapter::env_is_chip | B82: 4
A83: esp_wifi::wifi::os_adapter::set_intr | B83: 2
A84: esp_wifi::wifi::os_adapter::phy_update_country_info | B84: 4
A85: esp_wifi::wifi::os_adapter::wifi_clock_enable | B85: 2
A86: esp_wifi::wifi::os_adapter::coex_enable | B86: 4
... A95: esp_wifi::wifi::os_adapter::ints_on | B95: 16
A96: esp_wifi_preempt_yield_task
A97: esp_wifi::wifi::os_adapter::task_yield_from_isr | B97: 14
A98: esp_wifi::wifi::os_adapter::event_post | B98: 558
A99: esp_wifi::wifi::os_adapter::phy_enable | B99: 246
A100: esp_wifi::wifi::os_adapter::wifi_reset_mac | B100: 8
A101: esp_wifi::wifi::os_adapter::get_random | B101: 72
A103: esp_timer_get_time | B103: 40
A104: esp_wifi_internal_free_rx_buffer | B104: 8
A105: esp_wifi_init_internal | B105: 292
A106: esp_wifi_wpa_ptk_init_done_internal | B106: 142
A108: esp_wifi::wifi::wifi_start | B108: 214
A109: esp_wifi::wifi::recv_cb_sta | B109: 318
A110: esp_wifi::wifi::recv_cb_ap | B110: 338
... A117: esp_wifi::wifi::MultiWifiEventFuture as core::future::future::Future::poll | B117: 478
A118: esp_wifi::wifi::embassy impl embassy_net_driver::RxToken for
A119: esp_wifi::wifi::WifiRxToken::consume | B119: 768
A120: esp_wifi::wifi::embassy impl embassy_net_driver::TxToken for
A121: esp_wifi::wifi::WifiRxToken::consume | B121: 736
A122: esp_wifi::wifi::embassy impl embassy_net_driver::Driver for
A123: esp_wifi::wifi::WifiDevice::receive | B123: 714
A124: esp_wifi::wifi::embassy impl embassy_net_driver::Driver for
A125: esp_wifi::wifi::WifiDevice::transmit | B125: 232
A126: esp_wifi::wifi::embassy impl embassy_net_driver::Driver for
A127: esp_wifi::wifi::WifiDevice::link_state | B127: 360
A128: esp_wifi::wifi::embassy impl embassy_net_driver::Driver for
A129: esp_wifi::wifi::WifiDevice::hardware_address | B129: 212
A130: esp_wifi::wifi impl num_traits::cast::FromPrimitive for
A131: esp_wifi::wifi::InternalWifiError::from_i64 | B131: 196
A132: esp_wifi::wifi::AccessPointConfiguration as core::default::Default::default | B132: 42
A133: esp_wifi::wifi::WifiMode::current | B133: 154
A134: esp_wifi::wifi::event::dispatch_event_handler | B134: 1192
...

Sheet libcore printf
A1: .libcore
B2: misc_nvs_load | C2: 164
B3: misc_nvs_deinit | C3: 92
B4: misc_nvs_init | C4: 48
B5: mesh_sta_auth_expire_time | C5: 64 | D5: =SUM($B$1:C5) -> 368 | E5: ="0x"&DEC2HEX(D5) -> 0x170
A8: .libprintf
B9: _out_buffer | C9: 12
B10: _out_null | C10: 2
B11: _out_rev | C11: 180
B12: _ntoa_format | C12: 332
B13: _ntoa_long | C13: 132
B14: _ntoa_long_long | C14: 240
B15: _etoa | C15: 1168
B16: _ftoa | C16: 1028
B17: _vsnprintf | C17: 1508
B18: sprintf | C18: 42 | D18: =SUM($B$9:C18) -> 4644 | E18: ="0x"&DEC2HEX(D18) -> 0x1224

Sheet .libpp
A1: esf_buf.o | D1: 42016910
B2: esf_buf_alloc_dynamic_default_handler | C2: 34 | D2: ="0x"&DEC2HEX(HEX2DEC(D$1)+SUM($C$2:C2)) -> 0x42016932
B3: esf_buf_alloc_default_handler | C3: 34 | D3: ="0x"&DEC2HEX(HEX2DEC(D$1)+SUM($C$2:C3)) -> 0x42016954
B4: esf_buf_recycle_default_handler | C4: 34 | D4: ="0x"&DEC2HEX(HEX2DEC(D$1)+SUM($C$2:C4)) -> 0x42016976
B5: esf_buf_setup_static | C5: 110 | D5: ="0x"&DEC2HEX(HEX2DEC(D$1)+SUM($C$2:C5)) -> 0x420169E4
B6: esf_buf_free_static | C6: 182 | D6: ="0x"&DEC2HEX(HEX2DEC(D$1)+SUM($C$2:C6)) -> 0x42016A9A
B7: esf_buf_setdown | C7: 32 | D7: ="0x"&DEC2HEX(HEX2DEC(D$1)+SUM($C$2:C7)) -> 0x42016ABA
B8: esf_buf_setup | C8: 504 | D8: ="0x"&DEC2HEX(HEX2DEC(D$1)+SUM($C$2:C8)) -> 0x42016CB2
A9: if_hecfg.o
A10: if_hwctrl.o
B11: ic_get_addr | C11: 18 | D11: ="0x"&DEC2HEX(HEX2DEC(D$1)+SUM($C$2:C11)) -> 0x42016CC4
B12: ic_get_ptk_alg | C12: 22 | D12: ="0x"&DEC2HEX(HEX2DEC(D$1)+SUM($C$2:C12)) -> 0x42016CDA
B13: ic_disable_crypto | C13: 28 | D13: ="0x"&DEC2HEX(HEX2DEC(D$1)+SUM($C$2:C13)) -> 0x42016CF6
B14: ic_set_key | C14: 64 | D14: ="0x"&DEC2HEX(HEX2DEC(D$1)+SUM($C$2:C14)) -> 0x42016D36
B15: ic_get_key | C15: 94 | D15: ="0x"&DEC2HEX(HEX2DEC(D$1)+SUM($C$2:C15)) -> 0x42016D94
B16: ic_obtain_key | C16: 132 | D16: ="0x"&DEC2HEX(HEX2DEC(D$1)+SUM($C$2:C16)) -> 0x42016E18
B17: ic_tx_pkt | C17: 10 | D17: ="0x"&DEC2HEX(HEX2DEC(D$1)+SUM($C$2:C17)) -> 0x42016E22
B18: ic_register_tx_cb | C18: 4 | D18: ="0x"&DEC2HEX(HEX2DEC(D$1)+SUM($C$2:C18)) -> 0x42016E26
B19: ic_register_rx_cb | C19: 4 | D19: ="0x"&DEC2HEX(HEX2DEC(D$1)+SUM($C$2:C19)) -> 0x42016E2A
B20: ic_register_timer_post_cb | C20: 4 | D20: ="0x"&DEC2HEX(HEX2DEC(D$1)+SUM($C$2:C20)) -> 0x42016E2E
B21: ic_register_michael_mic_failure_cb | C21: 4 | D21: ="0x"&DEC2HEX(HEX2DEC(D$1)+SUM($C$2:C21)) -> 0x42016E32
B22: ic_register_pp_tx_done_cb | C22: 4 | D22: ="0x"&DEC2HEX(HEX2DEC(D$1)+SUM($C$2:C22)) -> 0x42016E36
... B65: ic_get_default_sched | C65: 4 | D65: ="0x"&DEC2HEX(HEX2DEC(D$1)+SUM($C$2:C65)) -> 0x42017392
A66: lmac.o
B67: lmacGetTxFrame | C67: 32 | D67: ="0x"&DEC2HEX(HEX2DEC(D$1)+SUM($C$2:C67)) -> 0x420173B2
B68: lmacSetAcParam | C68: 68 | D68: ="0x"&DEC2HEX(HEX2DEC(D$1)+SUM($C$2:C68)) -> 0x420173F6
B69: lmacInitAc | C69: 72 | D69: ="0x"&DEC2HEX(HEX2DEC(D$1)+SUM($C$2:C69)) -> 0x4201743E
B70: lmacInit | C70: 156 | D70: ="0x"&DEC2HEX(HEX2DEC(D$1)+SUM($C$2:C70)) -> 0x420174DA
B71: lmacEndRetryAMPDUFail | C71: 136 | D71: ="0x"&DEC2HEX(HEX2DEC(D$1)+SUM($C$2:C71)) -> 0x42017562
B72: lmacDebugTxDrop | D72: ="0x"&DEC2HEX(HEX2DEC(D$1)+SUM($C$2:C72)) -> 0x42017562
B73: dbg_cnt_lmac_drop | C73: 150 | D73: ="0x"&DEC2HEX(HEX2DEC(D$1)+SUM($C$2:C73)) -> 0x420175F8
B74: lmac_record_txtime | C74: 304 | D74: ="0x"&DEC2HEX(HEX2DEC(D$1)+SUM($C$2:C74)) -> 0x42017728
B75: lmac_update_tx_statistic | C75: 2 | D75: ="0x"&DEC2HEX(HEX2DEC(D$1)+SUM($C$2:C75)) -> 0x4201772A
B76: lmacDiscardMSDU | C76: 186 | D76: ="0x"&DEC2HEX(HEX2DEC(D$1)+SUM($C$2:C76)) -> 0x420177E4
B77: lmacRetryTxFrame | C77: 230 | D77: ="0x"&DEC2HEX(HEX2DEC(D$1)+SUM($C$2:C77)) -> 0x420178CA
B78: lmacProcessTxopQComplete | C78: 380 | D78: ="0x"&DEC2HEX(HEX2DEC(D$1)+SUM($C$2:C78)) -> 0x42017A46
B79: lmacProcessShortRetryFail | C79: 638 | D79: ="0x"&DEC2HEX(HEX2DEC(D$1)+SUM($C$2:C79)) -> 0x42017CC4
B80: lmacProcessCtsTimeout | C80: 112 | D80: ="0x"&DEC2HEX(HEX2DEC(D$1)+SUM($C$2:C80)) -> 0x42017D34
B81: lmacProcessLongRetryFail | C81: 478 | D81: ="0x"&DEC2HEX(HEX2DEC(D$1)+SUM($C$2:C81)) -> 0x42017F12
B82: lmacProcessCollision | C82: 226 | D82: ="0x"&DEC2HEX(HEX2DEC(D$1)+SUM($C$2:C82)) -> 0x42017FF4
B83: lmacProcessCollisions_task | C83: 88 | D83: ="0x"&DEC2HEX(HEX2DEC(D$1)+SUM($C$2:C83)) -> 0x4201804C
B84: lmacProcessAckTimeout | C84: 298 | D84: ="0x"&DEC2HEX(HEX2DEC(D$1)+SUM($C$2:C84)) -> 0x42018176
... B91: lmac_stop_hw_txq | C91: 112 | D91: ="0x"&DEC2HEX(HEX2DEC(D$1)+SUM($C$2:C91)) -> 0x42018578
A92: pm.o
B93: hal_pm_unblock_txq | C93: 22 | D93: ="0x"&DEC2HEX(HEX2DEC(D$1)+SUM($C$2:C93)) -> 0x4201858E
B94: hal_clear_sta_tsf_active_state | C94: 14 | D94: ="0x"&DEC2HEX(HEX2DEC(D$1)+SUM($C$2:C94)) -> 0x4201859C
B95: pm_incr_active_cnt | C95: 22 | D95: ="0x"&DEC2HEX(HEX2DEC(D$1)+SUM($C$2:C95)) -> 0x420185B2
B96: pm_incr_coex_active_cnt | C96: 22 | D96: ="0x"&DEC2HEX(HEX2DEC(D$1)+SUM($C$2:C96)) -> 0x420185C8
B97: pm_disable_active_timer | C97: 44 | D97: ="0x"&DEC2HEX(HEX2DEC(D$1)+SUM($C$2:C97)) -> 0x420185F4
B98: pm_update_at_next_beacon | C98: 26 | D98: ="0x"&DEC2HEX(HEX2DEC(D$1)+SUM($C$2:C98)) -> 0x4201860E
B99: pm_beacon_monitor_tbtt_timeout | C99: 8 | D99: ="0x"&DEC2HEX(HEX2DEC(D$1)+SUM($C$2:C99)) -> 0x42018616
B100: pm_beacon_monitor_timeout | C100: 8 | D100: ="0x"&DEC2HEX(HEX2DEC(D$1)+SUM($C$2:C100)) -> 0x4201861E
B101: pm_connectionless_wake_window_timeout | C101: 8 | D101: ="0x"&DEC2HEX(HEX2DEC(D$1)+SUM($C$2:C101)) -> 0x42018626
B102: pm_connectionless_wake_interval_timeout | C102: 8 | D102: ="0x"&DEC2HEX(HEX2DEC(D$1)+SUM($C$2:C102)) -> 0x4201862E
B103: pm_disconnected_sleep_delay_timeout | C103: 8 | D103: ="0x"&DEC2HEX(HEX2DEC(D$1)+SUM($C$2:C103)) -> 0x42018636
B104: pm_coex_slice_wifi_timeout | C104: 8 | D104: ="0x"&DEC2HEX(HEX2DEC(D$1)+SUM($C$2:C104)) -> 0x4201863E
... B159: pm_enable_sta_disconnected_power_management | C159: 44 | D159: ="0x"&DEC2HEX(HEX2DEC(D$1)+SUM($C$2:C159)) -> 0x4201A140
A160: pm_coex.o
B161: pm_coex_reconnect_policy | C161: 14 | D161: ="0x"&DEC2HEX(HEX2DEC(D$1)+SUM($C$2:C161)) -> 0x4201A14E
B162: pm_coex_set_reconnect_policy | C162: 56 | D162: ="0x"&DEC2HEX(HEX2DEC(D$1)+SUM($C$2:C162)) -> 0x4201A186
A163: pm_extend.o
A164: pm_mbssid.o
A165: pm_twt.o
A166: pp.o
B167: pp_delete_task_manually | C167: 72 | D167: ="0x"&DEC2HEX(HEX2DEC(D$1)+SUM($C$2:C167)) -> 0x4201A1CE
B168: getle32 | C168: 30 | D168: ="0x"&DEC2HEX(HEX2DEC(D$1)+SUM($C$2:C168)) -> 0x4201A1EC
B169: putle32 | C169: 28 | D169: ="0x"&DEC2HEX(HEX2DEC(D$1)+SUM($C$2:C169)) -> 0x4201A208
B170: xswap | C170: 30 | D170: ="0x"&DEC2HEX(HEX2DEC(D$1)+SUM($C$2:C170)) -> 0x4201A226
B171: pp_register_net80211_tx_cb | C171: 12 | D171: ="0x"&DEC2HEX(HEX2DEC(D$1)+SUM($C$2:C171)) -> 0x4201A232
B172: pp_register_config_cb | C172: 12 | D172: ="0x"&DEC2HEX(HEX2DEC(D$1)+SUM($C$2:C172)) -> 0x4201A23E
B173: pp_register_timer_cb | C173: 12 | D173: ="0x"&DEC2HEX(HEX2DEC(D$1)+SUM($C$2:C173)) -> 0x4201A24A
B174: pp_register_michael_mic_failure_cb | C174: 12 | D174: ="0x"&DEC2HEX(HEX2DEC(D$1)+SUM($C$2:C174)) -> 0x4201A256
B175: pp_default_event_handler | C175: 40 | D175: ="0x"&DEC2HEX(HEX2DEC(D$1)+SUM($C$2:C175)) -> 0x4201A27E
B176: ppRegisterTxDoneUserActionCallback | C176: 12 | D176: ="0x"&DEC2HEX(HEX2DEC(D$1)+SUM($C$2:C176)) -> 0x4201A28A
B177: ppRegisterRxCallback | C177: 32 | D177: ="0x"&DEC2HEX(HEX2DEC(D$1)+SUM($C$2:C177)) -> 0x4201A2AA
B178: ppRegisterTxCallback | C178: 78 | D178: ="0x"&DEC2HEX(HEX2DEC(D$1)+SUM($C$2:C178)) -> 0x4201A2F8
... B200: ppGetTaskHdl | C200: 10 | D200: ="0x"&DEC2HEX(HEX2DEC(D$1)+SUM($C$2:C200)) -> 0x4201B7A0
A201: pp_debug.o
B202: dbg_lmac_ps_statis_reset | C202: 22 | D202: ="0x"&DEC2HEX(HEX2DEC(D$1)+SUM($C$2:C202)) -> 0x4201B7B6
B203: dbg_lmac_init | C203: 2 | D203: ="0x"&DEC2HEX(HEX2DEC(D$1)+SUM($C$2:C203)) -> 0x4201B7B8
A204: pp_he.o
A205: pp_he_ctrl.o
A206: pp_test.o
A207: pp_timer.o
B208: pp_timer_beacon_monitor_tbtt | C208: 22 | D208: ="0x"&DEC2HEX(HEX2DEC(D$1)+SUM($C$2:C208)) -> 0x4201B7CE
B209: pp_timer_beacon_monitor | C209: 22 | D209: ="0x"&DEC2HEX(HEX2DEC(D$1)+SUM($C$2:C209)) -> 0x4201B7E4
B210: pp_timer_connectionless_wake_window | C210: 22 | D210: ="0x"&DEC2HEX(HEX2DEC(D$1)+SUM($C$2:C210)) -> 0x4201B7FA
B211: pp_timer_connectionless_wake_interval | C211: 22 | D211: ="0x"&DEC2HEX(HEX2DEC(D$1)+SUM($C$2:C211)) -> 0x4201B810
B212: pp_timer_disconnected_sleep_delay | C212: 18 | D212: ="0x"&DEC2HEX(HEX2DEC(D$1)+SUM($C$2:C212)) -> 0x4201B822
B213: pp_timer_sleep_delay | C213: 18 | D213: ="0x"&DEC2HEX(HEX2DEC(D$1)+SUM($C$2:C213)) -> 0x4201B834
B214: pp_timer_coex_slice | C214: 18 | D214: ="0x"&DEC2HEX(HEX2DEC(D$1)+SUM($C$2:C214)) -> 0x4201B846
B215: pp_timer_active | C215: 18 | D215: ="0x"&DEC2HEX(HEX2DEC(D$1)+SUM($C$2:C215)) -> 0x4201B858
B216: pp_timer_dream | C216: 18 | D216: ="0x"&DEC2HEX(HEX2DEC(D$1)+SUM($C$2:C216)) -> 0x4201B86A
B217: pp_timer_noise_check | C217: 18 | D217: ="0x"&DEC2HEX(HEX2DEC(D$1)+SUM($C$2:C217)) -> 0x4201B87C
B218: pp_timer_register_post_cb | C218: 12 | D218: ="0x"&DEC2HEX(HEX2DEC(D$1)+SUM($C$2:C218)) -> 0x4201B888
B219: pp_timer_process | C219: 24 | D219: ="0x"&DEC2HEX(HEX2DEC(D$1)+SUM($C$2:C219)) -> 0x4201B8A0
A220: pp_vht.o
A221: rate_control.o
B222: RC_GetDuration | C222: 122 | D222: ="0x"&DEC2HEX(HEX2DEC(D$1)+SUM($C$2:C222)) -> 0x4201B91A
B223: RC_SetBasicRate | C223: 4 | D223: ="0x"&DEC2HEX(HEX2DEC(D$1)+SUM($C$2:C223)) -> 0x4201B91E
...

Sheet .libphy
A1: phy_analog_cal.o | D1: 4201f6a4
B2: get_rc_dout | C2: 308 | D2: ="0x"&DEC2HEX(HEX2DEC(D$1)+SUM($C$2:C2)) -> 0x4201F7D8
B3: rc_cal | C3: 426 | D3: ="0x"&DEC2HEX(HEX2DEC(D$1)+SUM($C$2:C3)) -> 0x4201F982
A4: phy_api.o
B5: phy_change_channel | C5: 18 | D5: ="0x"&DEC2HEX(HEX2DEC(D$1)+SUM($C$2:C5)) -> 0x4201F994
B6: phy_bbpll_en_usb | C6: 10 | D6: ="0x"&DEC2HEX(HEX2DEC(D$1)+SUM($C$2:C6)) -> 0x4201F99E
B7: phy_get_rf_cal_version | C7: 6 | D7: ="0x"&DEC2HEX(HEX2DEC(D$1)+SUM($C$2:C7)) -> 0x4201F9A4
B8: noise_check_loop | C8: 2 | D8: ="0x"&DEC2HEX(HEX2DEC(D$1)+SUM($C$2:C8)) -> 0x4201F9A6
A9: phy_basic.o
B10: chan14_mic_cfg | C10: 64 | D10: ="0x"&DEC2HEX(HEX2DEC(D$1)+SUM($C$2:C10)) -> 0x4201F9E6
A11: phy_debug.o
B12: get_phy_version_str | C12: 66 | D12: ="0x"&DEC2HEX(HEX2DEC(D$1)+SUM($C$2:C12)) -> 0x4201FA28
B13: get_iq_value | C13: 68 | D13: ="0x"&DEC2HEX(HEX2DEC(D$1)+SUM($C$2:C13)) -> 0x4201FA6C
B14: get_bias_ref_code | C14: 134 | D14: ="0x"&DEC2HEX(HEX2DEC(D$1)+SUM($C$2:C14)) -> 0x4201FAF2
B15: phy_get_vdd33 | C15: 168 | D15: ="0x"&DEC2HEX(HEX2DEC(D$1)+SUM($C$2:C15)) -> 0x4201FB9A
A16: phy_feature.o
B17: phy_set_most_tpw | C17: 22 | D17: ="0x"&DEC2HEX(HEX2DEC(D$1)+SUM($C$2:C17)) -> 0x4201FBB0
B18: phy_11p_set | C18: 470 | D18: ="0x"&DEC2HEX(HEX2DEC(D$1)+SUM($C$2:C18)) -> 0x4201FD86
B19: phy_enable_low_rate | C19: 44 | D19: ="0x"&DEC2HEX(HEX2DEC(D$1)+SUM($C$2:C19)) -> 0x4201FDB2
B20: phy_disable_low_rate | C20: 44 | D20: ="0x"&DEC2HEX(HEX2DEC(D$1)+SUM($C$2:C20)) -> 0x4201FDDE
B21: set_rx_sense | C21: 554 | D21: ="0x"&DEC2HEX(HEX2DEC(D$1)+SUM($C$2:C21)) -> 0x42020008
A22: phy_hw_freq.o
B23: wr_rf_freq_mem | C23: 86 | D23: ="0x"&DEC2HEX(HEX2DEC(D$1)+SUM($C$2:C23)) -> 0x4202005E
B24: freq_i2c_write_set | C24: 1328 | D24: ="0x"&DEC2HEX(HEX2DEC(D$1)+SUM($C$2:C24)) -> 0x4202058E
B25: get_rf_freq_init | C25: 400 | D25: ="0x"&DEC2HEX(HEX2DEC(D$1)+SUM($C$2:C25)) -> 0x4202071E
B26: freq_get_i2c_data | C26: 566 | D26: ="0x"&DEC2HEX(HEX2DEC(D$1)+SUM($C$2:C26)) -> 0x42020954
B27: freq_i2c_data_write | C27: 60 | D27: ="0x"&DEC2HEX(HEX2DEC(D$1)+SUM($C$2:C27)) -> 0x42020990
B28: set_chan_freq_hw_init | C28: 158 | D28: ="0x"&DEC2HEX(HEX2DEC(D$1)+SUM($C$2:C28)) -> 0x42020A2E
B29: set_chan_freq_sw_start | C29: 186 | D29: ="0x"&DEC2HEX(HEX2DEC(D$1)+SUM($C$2:C29)) -> 0x42020AE8
A30: phy_i2c.o
B31: rom_i2c_sar2_init_code | C31: 70 | D31: ="0x"&DEC2HEX(HEX2DEC(D$1)+SUM($C$2:C31)) -> 0x42020B2E
B32: phy_i2c_init2 | C32: 850 | D32: ="0x"&DEC2HEX(HEX2DEC(D$1)+SUM($C$2:C32)) -> 0x42020E80
B33: phy_get_i2c_data | C33: 78 | D33: ="0x"&DEC2HEX(HEX2DEC(D$1)+SUM($C$2:C33)) -> 0x42020ECE
B34: bias_reg_set | C34: 152 | D34: ="0x"&DEC2HEX(HEX2DEC(D$1)+SUM($C$2:C34)) -> 0x42020F66
B35: i2c_bbpll_set | C35: 252 | D35: ="0x"&DEC2HEX(HEX2DEC(D$1)+SUM($C$2:C35)) -> 0x42021062
A36: phy_init.o
B37: phy_get_romfunc_addr | C37: 518 | D37: ="0x"&DEC2HEX(HEX2DEC(D$1)+SUM($C$2:C37)) -> 0x42021268
B38: rf_init | C38: 224 | D38: ="0x"&DEC2HEX(HEX2DEC(D$1)+SUM($C$2:C38)) -> 0x42021348
B39: register_chipv7_phy_init_param | C39: 306 | D39: ="0x"&DEC2HEX(HEX2DEC(D$1)+SUM($C$2:C39)) -> 0x4202147A
B40: phy_set_mac_data | C40: 28 | D40: ="0x"&DEC2HEX(HEX2DEC(D$1)+SUM($C$2:C40)) -> 0x42021496
B41: phy_rfcal_data_sub | C41: 110 | D41: ="0x"&DEC2HEX(HEX2DEC(D$1)+SUM($C$2:C41)) -> 0x42021504
B42: rf_cal_data_recovery | C42: 64 | D42: ="0x"&DEC2HEX(HEX2DEC(D$1)+SUM($C$2:C42)) -> 0x42021544
B43: phy_rfcal_data_check_value | C43: 854 | D43: ="0x"&DEC2HEX(HEX2DEC(D$1)+SUM($C$2:C43)) -> 0x4202189A
B44: rf_cal_data_backup | C44: 16 | D44: ="0x"&DEC2HEX(HEX2DEC(D$1)+SUM($C$2:C44)) -> 0x420218AA
B45: phy_rfcal_data_check | C45: 140 | D45: ="0x"&DEC2HEX(HEX2DEC(D$1)+SUM($C$2:C45)) -> 0x42021936
B46: rf_cal_level_check | C46: 172 | D46: ="0x"&DEC2HEX(HEX2DEC(D$1)+SUM($C$2:C46)) -> 0x420219E2
B47: bb_init | C47: 244 | D47: ="0x"&DEC2HEX(HEX2DEC(D$1)+SUM($C$2:C47)) -> 0x42021AD6
B48: register_chipv7_phy | C48: 398 | D48: ="0x"&DEC2HEX(HEX2DEC(D$1)+SUM($C$2:C48)) -> 0x42021C64
B49: get_txcap_data | C49: 74 | D49: ="0x"&DEC2HEX(HEX2DEC(D$1)+SUM($C$2:C49)) -> 0x42021CAE
A50: phy_pbus.o
B51: ram_pbus_force_mode | C51: 150 | D51: ="0x"&DEC2HEX(HEX2DEC(D$1)+SUM($C$2:C51)) -> 0x42021D44
B52: rom_pbus_xpd_tx_on | C52: 158 | D52: ="0x"&DEC2HEX(HEX2DEC(D$1)+SUM($C$2:C52)) -> 0x42021DE2
B53: txcal_debuge_mode | C53: 132 | D53: ="0x"&DEC2HEX(HEX2DEC(D$1)+SUM($C$2:C53)) -> 0x42021E66
B54: txcal_work_mode | C54: 52 | D54: ="0x"&DEC2HEX(HEX2DEC(D$1)+SUM($C$2:C54)) -> 0x42021E9A
B55: save_pbus_reg | C55: 62 | D55: ="0x"&DEC2HEX(HEX2DEC(D$1)+SUM($C$2:C55)) -> 0x42021ED8
B56: set_pbus_mem | C56: 584 | D56: ="0x"&DEC2HEX(HEX2DEC(D$1)+SUM($C$2:C56)) -> 0x42022120
A57: phy_pwdet.o
B58: phy_set_pwdet_power | C58: 2 | D58: ="0x"&DEC2HEX(HEX2DEC(D$1)+SUM($C$2:C58)) -> 0x42022122
B59: get_sar_sig_ref | C59: 62 | D59: ="0x"&DEC2HEX(HEX2DEC(D$1)+SUM($C$2:C59)) -> 0x42022160
B60: pwdet_tone_start | C60: 94 | D60: ="0x"&DEC2HEX(HEX2DEC(D$1)+SUM($C$2:C60)) -> 0x420221BE
B61: get_tone_sar_dout | C61: 76 | D61: ="0x"&DEC2HEX(HEX2DEC(D$1)+SUM($C$2:C61)) -> 0x4202220A
B62: get_fm_sar_dout | C62: 30 | D62: ="0x"&DEC2HEX(HEX2DEC(D$1)+SUM($C$2:C62)) -> 0x42022228
B63: txtone_linear_pwr | C63: 86 | D63: ="0x"&DEC2HEX(HEX2DEC(D$1)+SUM($C$2:C63)) -> 0x4202227E
B64: get_power_db | C64: 80 | D64: ="0x"&DEC2HEX(HEX2DEC(D$1)+SUM($C$2:C64)) -> 0x420222CE
B65: rom1_read_sar2_code | C65: 44 | D65: ="0x"&DEC2HEX(HEX2DEC(D$1)+SUM($C$2:C65)) -> 0x420222FA
A66: phy_reg.o
B67: txiq_set_reg | C67: 78 | D67: ="0x"&DEC2HEX(HEX2DEC(D$1)+SUM($C$2:C67)) -> 0x42022348
B68: rxiq_set_reg | C68: 112 | D68: ="0x"&DEC2HEX(HEX2DEC(D$1)+SUM($C$2:C68)) -> 0x420223B8
B69: start_tx_tone_step | C69: 250 | D69: ="0x"&DEC2HEX(HEX2DEC(D$1)+SUM($C$2:C69)) -> 0x420224B2
B70: stop_tx_tone | C70: 122 | D70: ="0x"&DEC2HEX(HEX2DEC(D$1)+SUM($C$2:C70)) -> 0x4202252C
B71: read_hw_noisefloor | C71: 26 | D71: ="0x"&DEC2HEX(HEX2DEC(D$1)+SUM($C$2:C71)) -> 0x42022546
B72: rom1_set_noise_floor | C72: 28 | D72: ="0x"&DEC2HEX(HEX2DEC(D$1)+SUM($C$2:C72)) -> 0x42022562
B73: phy_freq_correct | C73: 262 | D73: ="0x"&DEC2HEX(HEX2DEC(D$1)+SUM($C$2:C73)) -> 0x42022668
B74: force_txrx_off | C74: 114 | D74: ="0x"&DEC2HEX(HEX2DEC(D$1)+SUM($C$2:C74)) -> 0x420226DA
A75: phy_rfpll.o
B76: restart_cal | C76: 112 | D76: ="0x"&DEC2HEX(HEX2DEC(D$1)+SUM($C$2:C76)) -> 0x4202274A
B77: write_rfpll_sdm | C77: 128 | D77: ="0x"&DEC2HEX(HEX2DEC(D$1)+SUM($C$2:C77)) -> 0x420227CA
B78: wait_rfpll_cal_end | C78: 104 | D78: ="0x"&DEC2HEX(HEX2DEC(D$1)+SUM($C$2:C78)) -> 0x42022832
B79: rfpll_set_freq | C79: 108 | D79: ="0x"&DEC2HEX(HEX2DEC(D$1)+SUM($C$2:C79)) -> 0x4202289E
B80: correct_rfpll_offset | C80: 124 | D80: ="0x"&DEC2HEX(HEX2DEC(D$1)+SUM($C$2:C80)) -> 0x4202291A
B81: rom2_write_pll_cap | C81: 70 | D81: ="0x"&DEC2HEX(HEX2DEC(D$1)+SUM($C$2:C81)) -> 0x42022960
B82: rom2_read_pll_cap | C82: 72 | D82: ="0x"&DEC2HEX(HEX2DEC(D$1)+SUM($C$2:C82)) -> 0x420229A8
B83: rfpll_cap_init_cal | C83: 206 | D83: ="0x"&DEC2HEX(HEX2DEC(D$1)+SUM($C$2:C83)) -> 0x42022A76
B84: set_rfpll_freq | C84: 90 | D84: ="0x"&DEC2HEX(HEX2DEC(D$1)+SUM($C$2:C84)) -> 0x42022AD0
B85: set_rf_freq_offset | C85: 14 | D85: ="0x"&DEC2HEX(HEX2DEC(D$1)+SUM($C$2:C85)) -> 0x42022ADE
B86: set_channel_rfpll_freq | C86: 80 | D86: ="0x"&DEC2HEX(HEX2DEC(D$1)+SUM($C$2:C86)) -> 0x42022B2E
B87: chip_v7_set_chan_misc | C87: 106 | D87: ="0x"&DEC2HEX(HEX2DEC(D$1)+SUM($C$2:C87)) -> 0x42022B98
... B91: set_chanfreq | C91: 30 | D91: ="0x"&DEC2HEX(HEX2DEC(D$1)+SUM($C$2:C91)) -> 0x42022D40
A92: phy_rom.o
B93: rom_phy_param_addr | C93: 10 | D93: ="0x"&DEC2HEX(HEX2DEC(D$1)+SUM($C$2:C93)) -> 0x42022D4A
B94: chip726_phyrom_version_num | C94: 4 | D94: ="0x"&DEC2HEX(HEX2DEC(D$1)+SUM($C$2:C94)) -> 0x42022D4E
A95: phy_rx_cal.o
B96: rxiq_get_mis | C96: 328 | D96: ="0x"&DEC2HEX(HEX2DEC(D$1)+SUM($C$2:C96)) -> 0x42022E96
B97: rxiq_cover_mg_mp | C97: 276 | D97: ="0x"&DEC2HEX(HEX2DEC(D$1)+SUM($C$2:C97)) -> 0x42022FAA
B98: rfcal_rxiq | C98: 102 | D98: ="0x"&DEC2HEX(HEX2DEC(D$1)+SUM($C$2:C98)) -> 0x42023010
B99: get_rfcal_rxiq_data | C99: 304 | D99: ="0x"&DEC2HEX(HEX2DEC(D$1)+SUM($C$2:C99)) -> 0x42023140
B100: pbus_rx_dco_cal | C100: 912 | D100: ="0x"&DEC2HEX(HEX2DEC(D$1)+SUM($C$2:C100)) -> 0x420234D0
B101: rxdc_est_min_new | C101: 132 | D101: ="0x"&DEC2HEX(HEX2DEC(D$1)+SUM($C$2:C101)) -> 0x42023554
B102: pbus_rx_dco_cal_1step_new | C102: 1340 | D102: ="0x"&DEC2HEX(HEX2DEC(D$1)+SUM($C$2:C102)) -> 0x42023A90
B103: set_rx_gain_cal_iq | C103: 766 | D103: ="0x"&DEC2HEX(HEX2DEC(D$1)+SUM($C$2:C103)) -> 0x42023D8E
...

Sheet .libnet80211
A1: ieee80211_action.o | D1: 42027978
B2: send_inval | C2: 4 | D2: ="0x"&DEC2HEX(HEX2DEC(D$1)+SUM($C$2:C2)) -> 0x4202797C
B3: recv_inval | C3: 4 | D3: ="0x"&DEC2HEX(HEX2DEC(D$1)+SUM($C$2:C3)) -> 0x42027980
B4: ieee80211_send_action_register | C4: 128 | D4: ="0x"&DEC2HEX(HEX2DEC(D$1)+SUM($C$2:C4)) -> 0x42027A00
B5: ieee80211_send_action | C5: 150 | D5: ="0x"&DEC2HEX(HEX2DEC(D$1)+SUM($C$2:C5)) -> 0x42027A96
B6: ieee80211_recv_action_register | C6: 128 | D6: ="0x"&DEC2HEX(HEX2DEC(D$1)+SUM($C$2:C6)) -> 0x42027B16
B7: ieee80211_recv_action | C7: 204 | D7: ="0x"&DEC2HEX(HEX2DEC(D$1)+SUM($C$2:C7)) -> 0x42027BE2
A8: ieee80211_action_vendor.o | D8: ="0x"&DEC2HEX(HEX2DEC(D$1)+SUM($C$2:C8)) -> 0x42027BE2
B9: get_iav_key | C9: 20 | D9: ="0x"&DEC2HEX(HEX2DEC(D$1)+SUM($C$2:C9)) -> 0x42027BF6
B10: ieee80211_recv_action_vendor_spec | C10: 274 | D10: ="0x"&DEC2HEX(HEX2DEC(D$1)+SUM($C$2:C10)) -> 0x42027D08
B11: ieee80211_action_vendor_spec_attach | C11: 46 | D11: ="0x"&DEC2HEX(HEX2DEC(D$1)+SUM($C$2:C11)) -> 0x42027D36
A12: ieee80211_api.o
B13: wifi_ant_update_empty_func | C13: 4 | D13: ="0x"&DEC2HEX(HEX2DEC(D$1)+SUM($C$2:C13)) -> 0x42027D3A
B14: esp_wifi_set_inactive_time_local | C14: 118 | D14: ="0x"&DEC2HEX(HEX2DEC(D$1)+SUM($C$2:C14)) -> 0x42027DB0
B15: esp_wifi_send_deauth_local | C15: 20 | D15: ="0x"&DEC2HEX(HEX2DEC(D$1)+SUM($C$2:C15)) -> 0x42027DC4
B16: wifi_get_init_state | C16: 10 | D16: ="0x"&DEC2HEX(HEX2DEC(D$1)+SUM($C$2:C16)) -> 0x42027DCE
B17: wifi_is_stop_in_progress | C17: 10 | D17: ="0x"&DEC2HEX(HEX2DEC(D$1)+SUM($C$2:C17)) -> 0x42027DD8
B18: wifi_api_lock | C18: 88 | D18: ="0x"&DEC2HEX(HEX2DEC(D$1)+SUM($C$2:C18)) -> 0x42027E30
B19: wifi_api_unlock | C19: 40 | D19: ="0x"&DEC2HEX(HEX2DEC(D$1)+SUM($C$2:C19)) -> 0x42027E58
B20: wifi_init_completed | C20: 42 | D20: ="0x"&DEC2HEX(HEX2DEC(D$1)+SUM($C$2:C20)) -> 0x42027E82
B21: wifi_station_get_config_local | C21: 414 | D21: ="0x"&DEC2HEX(HEX2DEC(D$1)+SUM($C$2:C21)) -> 0x42028020
B22: wifi_softap_get_config | C22: 390 | D22: ="0x"&DEC2HEX(HEX2DEC(D$1)+SUM($C$2:C22)) -> 0x420281A6
B23: esp_wifi_get_mode | C23: 52 | D23: ="0x"&DEC2HEX(HEX2DEC(D$1)+SUM($C$2:C23)) -> 0x420281DA
B24: wifi_deinit_in_caller_task | C24: 54 | D24: ="0x"&DEC2HEX(HEX2DEC(D$1)+SUM($C$2:C24)) -> 0x42028210
... B48: esp_mesh_get_running_active_duty_cycle | C48: 76 | D48: ="0x"&DEC2HEX(HEX2DEC(D$1)+SUM($C$2:C48)) -> 0x42028DDC
A49: ieee80211_btwt.o
A50: ieee80211.o
B51: ieee80211_freedom_inside_cb | C51: 42 | D51: ="0x"&DEC2HEX(HEX2DEC(D$1)+SUM($C$2:C51)) -> 0x42028E06
B52: ieee80211_send_sa_query | C52: 200 | D52: ="0x"&DEC2HEX(HEX2DEC(D$1)+SUM($C$2:C52)) -> 0x42028ECE
B53: ieee80211_send_sa_query_resp | C53: 24 | D53: ="0x"&DEC2HEX(HEX2DEC(D$1)+SUM($C$2:C53)) -> 0x42028EE6
B54: ieee80211_send_sa_query_req | C54: 24 | D54: ="0x"&DEC2HEX(HEX2DEC(D$1)+SUM($C$2:C54)) -> 0x42028EFE
B55: ieee80211_recv_sa_query_resp | C55: 232 | D55: ="0x"&DEC2HEX(HEX2DEC(D$1)+SUM($C$2:C55)) -> 0x42028FE6
B56: ieee80211_recv_sa_query_req | C56: 28 | D56: ="0x"&DEC2HEX(HEX2DEC(D$1)+SUM($C$2:C56)) -> 0x42029002
B57: ieee80211_rate_ref_init | C57: 24 | D57: ="0x"&DEC2HEX(HEX2DEC(D$1)+SUM($C$2:C57)) -> 0x4202901A
B58: ieee80211_freedom_init | C58: 34 | D58: ="0x"&DEC2HEX(HEX2DEC(D$1)+SUM($C$2:C58)) -> 0x4202903C
B59: ieee80211_user_ie_init | C59: 72 | D59: ="0x"&DEC2HEX(HEX2DEC(D$1)+SUM($C$2:C59)) -> 0x42029084
B60: ieee80211_ifattach | C60: 224 | D60: ="0x"&DEC2HEX(HEX2DEC(D$1)+SUM($C$2:C60)) -> 0x42029164
B61: ieee80211_ifdetach | C61: 24 | D61: ="0x"&DEC2HEX(HEX2DEC(D$1)+SUM($C$2:C61)) -> 0x4202917C
B62: wifi_destroy_softap | C62: 138 | D62: ="0x"&DEC2HEX(HEX2DEC(D$1)+SUM($C$2:C62)) -> 0x42029206
... B70: ieee80211_is_robust_mgmt_frm | C70: 74 | D70: ="0x"&DEC2HEX(HEX2DEC(D$1)+SUM($C$2:C70)) -> 0x420296E8
A71: ieee80211_crypto.o
B72: ieee80211_crypto_attach | C72: 2 | D72: ="0x"&DEC2HEX(HEX2DEC(D$1)+SUM($C$2:C72)) -> 0x420296EA
B73: ieee80211_crypto_decap | C73: 180 | D73: ="0x"&DEC2HEX(HEX2DEC(D$1)+SUM($C$2:C73)) -> 0x4202979E
B74: ieee80211_crypto_aes_128_cmac_encrypt | C74: 300 | D74: ="0x"&DEC2HEX(HEX2DEC(D$1)+SUM($C$2:C74)) -> 0x420298CA
B75: ieee80211_crypto_aes_128_cmac_decrypt | C75: 392 | D75: ="0x"&DEC2HEX(HEX2DEC(D$1)+SUM($C$2:C75)) -> 0x42029A52
B76: ieee80211_crypto_gmac_decrypt | C76: 480 | D76: ="0x"&DEC2HEX(HEX2DEC(D$1)+SUM($C$2:C76)) -> 0x42029C32
B77: ieee80211_get_cipher_mic_len | C77: 42 | D77: ="0x"&DEC2HEX(HEX2DEC(D$1)+SUM($C$2:C77)) -> 0x42029C5C
A78: ieee80211_crypto_ccmp.o
B79: ccmp_encap | C79: 116 | D79: ="0x"&DEC2HEX(HEX2DEC(D$1)+SUM($C$2:C79)) -> 0x42029CD0
B80: ccmp_decap | C80: 192 | D80: ="0x"&DEC2HEX(HEX2DEC(D$1)+SUM($C$2:C80)) -> 0x42029D90
B81: ieee80211_decrypt_espnow_pkt | C81: 70 | D81: ="0x"&DEC2HEX(HEX2DEC(D$1)+SUM($C$2:C81)) -> 0x42029DD6
B82: ieee80211_ccmp_decrypt | C82: 406 | D82: ="0x"&DEC2HEX(HEX2DEC(D$1)+SUM($C$2:C82)) -> 0x42029F6C
A83: ieee80211_crypto_gcmp.o
B84: gcmp_encap | C84: 116 | D84: ="0x"&DEC2HEX(HEX2DEC(D$1)+SUM($C$2:C84)) -> 0x42029FE0
B85: gcmp_decap | C85: 192 | D85: ="0x"&DEC2HEX(HEX2DEC(D$1)+SUM($C$2:C85)) -> 0x4202A0A0
A86: ieee80211_crypto_sms4.o
B87: sms4_decap | C87: 174 | D87: ="0x"&DEC2HEX(HEX2DEC(D$1)+SUM($C$2:C87)) -> 0x4202A14E
B88: sms4_encap | C88: 182 | D88: ="0x"&DEC2HEX(HEX2DEC(D$1)+SUM($C$2:C88)) -> 0x4202A204
A89: ieee80211_crypto_tkip.o
B90: tkip_decap | C90: 208 | D90: ="0x"&DEC2HEX(HEX2DEC(D$1)+SUM($C$2:C90)) -> 0x4202A2D4
B91: tkip_encap | C91: 146 | D91: ="0x"&DEC2HEX(HEX2DEC(D$1)+SUM($C$2:C91)) -> 0x4202A366
A92: ieee80211_crypto_wep.o
B93: wep_encap | C93: 90 | D93: ="0x"&DEC2HEX(HEX2DEC(D$1)+SUM($C$2:C93)) -> 0x4202A3C0
B94: wep_decap | C94: 40 | D94: ="0x"&DEC2HEX(HEX2DEC(D$1)+SUM($C$2:C94)) -> 0x4202A3E8
A95: ieee80211_debug.o | D95: ="0x"&DEC2HEX(HEX2DEC(D$1)+SUM($C$2:C95)) -> 0x4202A3E8
B96: wifi_log | C96: 204 | D96: ="0x"&DEC2HEX(HEX2DEC(D$1)+SUM($C$2:C96)) -> 0x4202A4B4
A97: ieee80211_ets.o | D97: ="0x"&DEC2HEX(HEX2DEC(D$1)+SUM($C$2:C97)) -> 0x4202A4B4
B98: ieee80211_getmgtframe | C98: 92 | D98: ="0x"&DEC2HEX(HEX2DEC(D$1)+SUM($C$2:C98)) -> 0x4202A510
B99: ieee80211_getbcnframe | C99: 156 | D99: ="0x"&DEC2HEX(HEX2DEC(D$1)+SUM($C$2:C99)) -> 0x4202A5AC
A100: ieee80211_ftm.o
B101: ftm_get_phy_comp | C101: 98 | D101: ="0x"&DEC2HEX(HEX2DEC(D$1)+SUM($C$2:C101)) -> 0x4202A60E
B102: ieee80211_ftm_measurement_txcb | C102: 2 | D102: ="0x"&DEC2HEX(HEX2DEC(D$1)+SUM($C$2:C102)) -> 0x4202A610
B103: ftm_session_timeout | C103: 10 | D103: ="0x"&DEC2HEX(HEX2DEC(D$1)+SUM($C$2:C103)) -> 0x4202A61A
B104: ftm_send_msmt_pkt | C104: 10 | D104: ="0x"&DEC2HEX(HEX2DEC(D$1)+SUM($C$2:C104)) -> 0x4202A624
B105: ftm_request_timeout | C105: 10 | D105: ="0x"&DEC2HEX(HEX2DEC(D$1)+SUM($C$2:C105)) -> 0x4202A62E
B106: ftm_send_request | C106: 10 | D106: ="0x"&DEC2HEX(HEX2DEC(D$1)+SUM($C$2:C106)) -> 0x4202A638
B107: ftm_record_t2t3_cb | C107: 182 | D107: ="0x"&DEC2HEX(HEX2DEC(D$1)+SUM($C$2:C107)) -> 0x4202A6EE
B108: ftm_offchan_end | C108: 98 | D108: ="0x"&DEC2HEX(HEX2DEC(D$1)+SUM($C$2:C108)) -> 0x4202A750
B109: public_send_action_ftm_req | C109: 642 | D109: ="0x"&DEC2HEX(HEX2DEC(D$1)+SUM($C$2:C109)) -> 0x4202A9D2
B110: ftm_is_responder_supported | C110: 32 | D110: ="0x"&DEC2HEX(HEX2DEC(D$1)+SUM($C$2:C110)) -> 0x4202A9F2
B111: ftm_get_resp_session_for_peer | C111: 70 | D111: ="0x"&DEC2HEX(HEX2DEC(D$1)+SUM($C$2:C111)) -> 0x4202AA38
B112: ftm_get_resp_session_by_cookie | C112: 34 | D112: ="0x"&DEC2HEX(HEX2DEC(D$1)+SUM($C$2:C112)) -> 0x4202AA5A
... B142: ieee80211_ftm_detach | C142: 4 | D142: ="0x"&DEC2HEX(HEX2DEC(D$1)+SUM($C$2:C142)) -> 0x4202C6E0
A143: ieee80211_he.o
A144: ieee80211_hostap.o
B145: is_non_esp_oui | C145: 50 | D145: ="0x"&DEC2HEX(HEX2DEC(D$1)+SUM($C$2:C145)) -> 0x4202C712
B146: is_esp_manufacturer_oui | C146: 58 | D146: ="0x"&DEC2HEX(HEX2DEC(D$1)+SUM($C$2:C146)) -> 0x4202C74C
B147: ieee80211_is_action_category_robust | C147: 60 | D147: ="0x"&DEC2HEX(HEX2DEC(D$1)+SUM($C$2:C147)) -> 0x4202C788
B148: ieee80211_is_action_category_robust | C148: 60 | D148: ="0x"&DEC2HEX(HEX2DEC(D$1)+SUM($C$2:C148)) -> 0x4202C7C4 | F148: belongs to ieee80211_hostap.o but we cannot distinguish between the same name in this linker script
B149: ieee80211_hostapd_beacon_txcb | C149: 228 | D149: ="0x"&DEC2HEX(HEX2DEC(D$1)+SUM($C$2:C149)) -> 0x4202C8A8
B150: ieee80211_hostap_send_beacon | C150: 10 | D150: ="0x"&DEC2HEX(HEX2DEC(D$1)+SUM($C$2:C150)) -> 0x4202C8B2
B151: hostap_handle_timer | C151: 10 | D151: ="0x"&DEC2HEX(HEX2DEC(D$1)+SUM($C$2:C151)) -> 0x4202C8BC
B152: ap_try_sa_query | C152: 10 | D152: ="0x"&DEC2HEX(HEX2DEC(D$1)+SUM($C$2:C152)) -> 0x4202C8C6
B153: ap_sa_query_timeout | C153: 10 | D153: ="0x"&DEC2HEX(HEX2DEC(D$1)+SUM($C$2:C153)) -> 0x4202C8D0
B154: ieee80211_hostapd_ps_txcb | C154: 68 | D154: ="0x"&DEC2HEX(HEX2DEC(D$1)+SUM($C$2:C154)) -> 0x4202C914
B155: ieee80211_free_beacon_eb | C155: 126 | D155: ="0x"&DEC2HEX(HEX2DEC(D$1)+SUM($C$2:C155)) -> 0x4202C992
B156: ieee80211_hostap_send_beacon_process | C156: 902 | D156: ="0x"&DEC2HEX(HEX2DEC(D$1)+SUM($C$2:C156)) -> 0x4202CD18
B157: hostap_delete_ptk | C157: 62 | D157: ="0x"&DEC2HEX(HEX2DEC(D$1)+SUM($C$2:C157)) -> 0x4202CD56
B158: ieee80211_hostap_attach | C158: 524 | D158: ="0x"&DEC2HEX(HEX2DEC(D$1)+SUM($C$2:C158)) -> 0x4202CF62
B159: hostap_deliver_data | C159: 186 | D159: ="0x"&DEC2HEX(HEX2DEC(D$1)+SUM($C$2:C159)) -> 0x4202D01C
...

Sheet .libwpa-suppl
A1: os_xtensa.c.obj | D1: 42044778
B2: os_get_time | C2: 36 | D2: ="0x"&DEC2HEX(HEX2DEC(D$1)+SUM($C$2:C2)) -> 0x4204479C
B3: os_get_random | C3: 16 | D3: ="0x"&DEC2HEX(HEX2DEC(D$1)+SUM($C$2:C3)) -> 0x420447AC
B4: os_sleep | C4: 48 | D4: ="0x"&DEC2HEX(HEX2DEC(D$1)+SUM($C$2:C4)) -> 0x420447DC
A5: eloop.c.obj
B6: eloop_run_timer | C6: 32 | D6: ="0x"&DEC2HEX(HEX2DEC(D$1)+SUM($C$2:C6)) -> 0x420447FC
B7: eloop_remove_timeout | C7: 132 | D7: ="0x"&DEC2HEX(HEX2DEC(D$1)+SUM($C$2:C7)) -> 0x42044880
B8: os_timer_disarm.constprop.0 | C8: 22 | D8: ="0x"&DEC2HEX(HEX2DEC(D$1)+SUM($C$2:C8)) -> 0x42044896
B9: eloop_init | C9: 114 | D9: ="0x"&DEC2HEX(HEX2DEC(D$1)+SUM($C$2:C9)) -> 0x42044908
B10: eloop_register_timeout | C10: 334 | D10: ="0x"&DEC2HEX(HEX2DEC(D$1)+SUM($C$2:C10)) -> 0x42044A56
B11: eloop_cancel_timeout | C11: 110 | D11: ="0x"&DEC2HEX(HEX2DEC(D$1)+SUM($C$2:C11)) -> 0x42044AC4
B12: eloop_run | C12: 250 | D12: ="0x"&DEC2HEX(HEX2DEC(D$1)+SUM($C$2:C12)) -> 0x42044BBE
B13: eloop_run_wrapper | C13: 14 | D13: ="0x"&DEC2HEX(HEX2DEC(D$1)+SUM($C$2:C13)) -> 0x42044BCC
A14: ap_config.c.obj
B15: hostapd_setup_wpa_psk | C15: 80 | D15: ="0x"&DEC2HEX(HEX2DEC(D$1)+SUM($C$2:C15)) -> 0x42044C1C
B16: hostapd_get_psk | C16: 86 | D16: ="0x"&DEC2HEX(HEX2DEC(D$1)+SUM($C$2:C16)) -> 0x42044C72
B17: hostapd_config_clear_wpa_psk | C17: 42 | D17: ="0x"&DEC2HEX(HEX2DEC(D$1)+SUM($C$2:C17)) -> 0x42044C9C
B18: hostapd_config_free_bss | C18: 26 | D18: ="0x"&DEC2HEX(HEX2DEC(D$1)+SUM($C$2:C18)) -> 0x42044CB6
A19: ieee802_1x.c.obj
A20: wpa_auth.c.obj
B21: wpa_auth_pmksa_free_cb | C21: 2 | D21: ="0x"&DEC2HEX(HEX2DEC(D$1)+SUM($C$2:C21)) -> 0x42044CB8
B22: wpa_free_sta_sm | C22: 110 | D22: ="0x"&DEC2HEX(HEX2DEC(D$1)+SUM($C$2:C22)) -> 0x42044D26
B23: wpa_group_init_gmk_and_counter | C23: 126 | D23: ="0x"&DEC2HEX(HEX2DEC(D$1)+SUM($C$2:C23)) -> 0x42044DA4
B24: wpa_gmk_to_gtk | C24: 112 | D24: ="0x"&DEC2HEX(HEX2DEC(D$1)+SUM($C$2:C24)) -> 0x42044E14
B25: wpa_replay_counter_valid | C25: 62 | D25: ="0x"&DEC2HEX(HEX2DEC(D$1)+SUM($C$2:C25)) -> 0x42044E52
B26: wpa_replay_counter_mark_invalid | C26: 62 | D26: ="0x"&DEC2HEX(HEX2DEC(D$1)+SUM($C$2:C26)) -> 0x42044E90
B27: wpa_verify_key_mic | C27: 172 | D27: ="0x"&DEC2HEX(HEX2DEC(D$1)+SUM($C$2:C27)) -> 0x42044F3C
B28: ieee80211w_kde_add | C28: 122 | D28: ="0x"&DEC2HEX(HEX2DEC(D$1)+SUM($C$2:C28)) -> 0x42044FB6
B29: resend_eapol_handle | C29: 32 | D29: ="0x"&DEC2HEX(HEX2DEC(D$1)+SUM($C$2:C29)) -> 0x42044FD6
B30: wpa_auth_set_key.part.0 | C30: 90 | D30: ="0x"&DEC2HEX(HEX2DEC(D$1)+SUM($C$2:C30)) -> 0x42045030
B31: sm_WPA_PTK_DISCONNECT_Enter.constprop.0 | C31: 38 | D31: ="0x"&DEC2HEX(HEX2DEC(D$1)+SUM($C$2:C31)) -> 0x42045056
B32: wpa_gtk_update.isra.0 | C32: 186 | D32: ="0x"&DEC2HEX(HEX2DEC(D$1)+SUM($C$2:C32)) -> 0x42045110
... B57: wpa_ap_remove | C57: 46 | D57: ="0x"&DEC2HEX(HEX2DEC(D$1)+SUM($C$2:C57)) -> 0x420467BA
A58: wpa_auth_ie.c.obj
B59: wpa_write_rsn_ie | C59: 508 | D59: ="0x"&DEC2HEX(HEX2DEC(D$1)+SUM($C$2:C59)) -> 0x420469B6
B60: wpa_write_rsnxe | C60: 60 | D60: ="0x"&DEC2HEX(HEX2DEC(D$1)+SUM($C$2:C60)) -> 0x420469F2
B61: wpa_auth_gen_wpa_ie | C61: 366 | D61: ="0x"&DEC2HEX(HEX2DEC(D$1)+SUM($C$2:C61)) -> 0x42046B60
B62: wpa_add_kde | C62: 122 | D62: ="0x"&DEC2HEX(HEX2DEC(D$1)+SUM($C$2:C62)) -> 0x42046BDA
B63: wpa_validate_wpa_ie | C63: 580 | D63: ="0x"&DEC2HEX(HEX2DEC(D$1)+SUM($C$2:C63)) -> 0x42046E1E
B64: wpa_parse_kde_ies | C64: 398 | D64: ="0x"&DEC2HEX(HEX2DEC(D$1)+SUM($C$2:C64)) -> 0x42046FAC
B65: wpa_auth_uses_mfp | C65: 16 | D65: ="0x"&DEC2HEX(HEX2DEC(D$1)+SUM($C$2:C65)) -> 0x42046FBC
A66: pmksa_cache_auth.c.obj | D66: ="0x"&DEC2HEX(HEX2DEC(D$1)+SUM($C$2:C66)) -> 0x42046FBC
B67: _pmksa_cache_free_entry | C67: 44 | D67: ="0x"&DEC2HEX(HEX2DEC(D$1)+SUM($C$2:C67)) -> 0x42046FE8
B68: pmksa_cache_auth_deinit | C68: 58 | D68: ="0x"&DEC2HEX(HEX2DEC(D$1)+SUM($C$2:C68)) -> 0x42047022
B69: pmksa_cache_auth_get | C69: 118 | D69: ="0x"&DEC2HEX(HEX2DEC(D$1)+SUM($C$2:C69)) -> 0x42047098
B70: pmksa_cache_auth_init | C70: 42 | D70: ="0x"&DEC2HEX(HEX2DEC(D$1)+SUM($C$2:C70)) -> 0x420470C2
A71: sta_info.c.obj | D71: ="0x"&DEC2HEX(HEX2DEC(D$1)+SUM($C$2:C71)) -> 0x420470C2
B72: ap_get_sta | C72: 60 | D72: ="0x"&DEC2HEX(HEX2DEC(D$1)+SUM($C$2:C72)) -> 0x420470FE
B73: ap_sta_hash_add | C73: 18 | D73: ="0x"&DEC2HEX(HEX2DEC(D$1)+SUM($C$2:C73)) -> 0x42047110
B74: ap_free_sta | C74: 162 | D74: ="0x"&DEC2HEX(HEX2DEC(D$1)+SUM($C$2:C74)) -> 0x420471B2
B75: ap_sta_add | C75: 96 | D75: ="0x"&DEC2HEX(HEX2DEC(D$1)+SUM($C$2:C75)) -> 0x42047212
A76: ieee802_11.c.obj | D76: ="0x"&DEC2HEX(HEX2DEC(D$1)+SUM($C$2:C76)) -> 0x42047212
B77: wpa_res_to_status_code | C77: 128 | D77: ="0x"&DEC2HEX(HEX2DEC(D$1)+SUM($C$2:C77)) -> 0x42047292
A78: comeback_token.c.obj | D78: ="0x"&DEC2HEX(HEX2DEC(D$1)+SUM($C$2:C78)) -> 0x42047292
A79: sae.c.obj | D79: ="0x"&DEC2HEX(HEX2DEC(D$1)+SUM($C$2:C79)) -> 0x42047292
A80: dragonfly.c.obj | D80: ="0x"&DEC2HEX(HEX2DEC(D$1)+SUM($C$2:C80)) -> 0x42047292
A81: wpa_common.c.obj | D81: ="0x"&DEC2HEX(HEX2DEC(D$1)+SUM($C$2:C81)) -> 0x42047292
B82: rsn_selector_to_bitfield | C82: 140 | D82: ="0x"&DEC2HEX(HEX2DEC(D$1)+SUM($C$2:C82)) -> 0x4204731E
B83: wpa_selector_to_bitfield | C83: 94 | D83: ="0x"&DEC2HEX(HEX2DEC(D$1)+SUM($C$2:C83)) -> 0x4204737C
B84: wpa_mic_len | C84: 30 | D84: ="0x"&DEC2HEX(HEX2DEC(D$1)+SUM($C$2:C84)) -> 0x4204739A
B85: wpa_cipher_valid_mgmt_group | C85: 26 | D85: ="0x"&DEC2HEX(HEX2DEC(D$1)+SUM($C$2:C85)) -> 0x420473B4
B86: wpa_parse_wpa_ie_rsnxe | C86: 86 | D86: ="0x"&DEC2HEX(HEX2DEC(D$1)+SUM($C$2:C86)) -> 0x4204740A
B87: wpa_parse_wpa_ie_rsn | C87: 522 | D87: ="0x"&DEC2HEX(HEX2DEC(D$1)+SUM($C$2:C87)) -> 0x42047614
B88: wpa_parse_wpa_ie_wpa | C88: 444 | D88: ="0x"&DEC2HEX(HEX2DEC(D$1)+SUM($C$2:C88)) -> 0x420477D0
B89: wpa_use_akm_defined | C89: 46 | D89: ="0x"&DEC2HEX(HEX2DEC(D$1)+SUM($C$2:C89)) -> 0x420477FE
B90: wpa_use_aes_key_wrap | C90: 46 | D90: ="0x"&DEC2HEX(HEX2DEC(D$1)+SUM($C$2:C90)) -> 0x4204782C
B91: wpa_eapol_key_mic | C91: 110 | D91: ="0x"&DEC2HEX(HEX2DEC(D$1)+SUM($C$2:C91)) -> 0x4204789A
B92: wpa_compare_rsn_ie | C92: 46 | D92: ="0x"&DEC2HEX(HEX2DEC(D$1)+SUM($C$2:C92)) -> 0x420478C8
B93: rsn_pmkid | C93: 128 | D93: ="0x"&DEC2HEX(HEX2DEC(D$1)+SUM($C$2:C93)) -> 0x42047948
... B100: wpa_cipher_put_suites | C100: 100 | D100: ="0x"&DEC2HEX(HEX2DEC(D$1)+SUM($C$2:C100)) -> 0x42047D12
A101: bitfield.c.obj | D101: ="0x"&DEC2HEX(HEX2DEC(D$1)+SUM($C$2:C101)) -> 0x42047D12
A102: aes-siv.c.obj | D102: ="0x"&DEC2HEX(HEX2DEC(D$1)+SUM($C$2:C102)) -> 0x42047D12
A103: sha256-kdf.c.obj | D103: ="0x"&DEC2HEX(HEX2DEC(D$1)+SUM($C$2:C103)) -> 0x42047D12
B104: forced_memzero | C104: 14 | D104: ="0x"&DEC2HEX(HEX2DEC(D$1)+SUM($C$2:C104)) -> 0x42047D20
A105: ccmp.c.obj | D105: ="0x"&DEC2HEX(HEX2DEC(D$1)+SUM($C$2:C105)) -> 0x42047D20
B106: ccmp_aad_nonce | C106: 352 | D106: ="0x"&DEC2HEX(HEX2DEC(D$1)+SUM($C$2:C106)) -> 0x42047E80
B107: ccmp_decrypt | C107: 164 | D107: ="0x"&DEC2HEX(HEX2DEC(D$1)+SUM($C$2:C107)) -> 0x42047F24
B108: ccmp_encrypt | C108: 268 | D108: ="0x"&DEC2HEX(HEX2DEC(D$1)+SUM($C$2:C108)) -> 0x42048030
A109: aes-gcm.c.obj
B110: WPA_GET_BE32 | C110: 30 | D110: ="0x"&DEC2HEX(HEX2DEC(D$1)+SUM($C$2:C110)) -> 0x4204804E
B111: WPA_GET_BE32 | C111: 30 | D111: ="0x"&DEC2HEX(HEX2DEC(D$1)+SUM($C$2:C111)) -> 0x4204806C
B112: WPA_GET_BE32 | C112: 30 | D112: ="0x"&DEC2HEX(HEX2DEC(D$1)+SUM($C$2:C112)) -> 0x4204808A
B113: WPA_GET_BE32 | C113: 30 | D113: ="0x"&DEC2HEX(HEX2DEC(D$1)+SUM($C$2:C113)) -> 0x420480A8
B114: WPA_PUT_BE32 | C114: 30 | D114: ="0x"&DEC2HEX(HEX2DEC(D$1)+SUM($C$2:C114)) -> 0x420480C6
B115: WPA_PUT_BE64 | C115: 46 | D115: ="0x"&DEC2HEX(HEX2DEC(D$1)+SUM($C$2:C115)) -> 0x420480F4
B116: xor_block | C116: 34 | D116: ="0x"&DEC2HEX(HEX2DEC(D$1)+SUM($C$2:C116)) -> 0x42048116
B117: shift_right_block | C117: 96 | D117: ="0x"&DEC2HEX(HEX2DEC(D$1)+SUM($C$2:C117)) -> 0x42048176
B118: gf_mult | C118: 142 | D118: ="0x"&DEC2HEX(HEX2DEC(D$1)+SUM($C$2:C118)) -> 0x42048204
B119: aes_gcm_init_hash_subkey | C119: 54 | D119: ="0x"&DEC2HEX(HEX2DEC(D$1)+SUM($C$2:C119)) -> 0x4204823A
B120: ghash | C120: 162 | D120: ="0x"&DEC2HEX(HEX2DEC(D$1)+SUM($C$2:C120)) -> 0x420482DC
B121: aes_gcm_ghash | C121: 110 | D121: ="0x"&DEC2HEX(HEX2DEC(D$1)+SUM($C$2:C121)) -> 0x4204834A
... B126: aes_gmac | C126: 24 | D126: ="0x"&DEC2HEX(HEX2DEC(D$1)+SUM($C$2:C126)) -> 0x4204853C
A127: crypto_ops.c.obj
B128: esp_supp_crc32 | C128: 8 | D128: ="0x"&DEC2HEX(HEX2DEC(D$1)+SUM($C$2:C128)) -> 0x42048544
B129: esp_aes_gmac | C129: 2 | D129: ="0x"&DEC2HEX(HEX2DEC(D$1)+SUM($C$2:C129)) -> 0x42048546
B130: esp_aes_decrypt | C130: 4 | D130: ="0x"&DEC2HEX(HEX2DEC(D$1)+SUM($C$2:C130)) -> 0x4204854A
B131: esp_aes_encrypt | C131: 4 | D131: ="0x"&DEC2HEX(HEX2DEC(D$1)+SUM($C$2:C131)) -> 0x4204854E
B132: esp_aes_unwrap | C132: 12 | D132: ="0x"&DEC2HEX(HEX2DEC(D$1)+SUM($C$2:C132)) -> 0x4204855A
B133: esp_aes_wrap | C133: 12 | D133: ="0x"&DEC2HEX(HEX2DEC(D$1)+SUM($C$2:C133)) -> 0x42048566
A134: dh_group5.c.obj
...

Sheet .smoltcp
C1: 420511c8
A2: smoltcp::iface::interface::Interface::poll | B2: 612 | C2: 0x42051d5c-0x42051ecd
A3: smoltcp::iface::interface::Interface::poll_at | B3: 1370 | C3: ="0x"&DEC2HEX(HEX2DEC(C$1)+SUM($B$2:B3)) -> 0x42051986
A4: smoltcp::iface::interface::Interface::set_hardware_addr | B4: 60 | C4: ="0x"&DEC2HEX(HEX2DEC(C$1)+SUM($B$2:B4)) -> 0x420519C2
A5: smoltcp::iface::interface::InterfaceInner::check_ip_addrs | B5: 72 | C5: ="0x"&DEC2HEX(HEX2DEC(C$1)+SUM($B$2:B5)) -> 0x42051A0A
A6: smoltcp::iface::interface::InterfaceInner::dispatch_ip | B6: 798 | C6: ="0x"&DEC2HEX(HEX2DEC(C$1)+SUM($B$2:B6)) -> 0x42051D28
A7: smoltcp::iface::interface::InterfaceInner::get_source_address | B7: 52 | C7: ="0x"&DEC2HEX(HEX2DEC(C$1)+SUM($B$2:B7)) -> 0x42051D5C
A8: smoltcp::iface::interface::InterfaceInner::has_neighbor | B8: 370 | C8: ="0x"&DEC2HEX(HEX2DEC(C$1)+SUM($B$2:B8)) -> 0x42051ECE
A9: smoltcp::iface::interface::InterfaceInner::is_broadcast | B9: 216 | C9: ="0x"&DEC2HEX(HEX2DEC(C$1)+SUM($B$2:B9)) -> 0x42051FA6
A10: smoltcp::iface::interface::InterfaceInner::route | B10: 252 | C10: ="0x"&DEC2HEX(HEX2DEC(C$1)+SUM($B$2:B10)) -> 0x420520A2
A11: smoltcp::iface::interface::ethernet | C11: ="0x"&DEC2HEX(HEX2DEC(C$1)+SUM($B$2:B11)) -> 0x420520A2
A12: impl smoltcp::iface::interface::InterfaceInner::process_ethernet | B12: 2528 | C12: ="0x"&DEC2HEX(HEX2DEC(C$1)+SUM($B$2:B12)) -> 0x42052A82
A13: smoltcp::iface::interface::ipv4 | C13: ="0x"&DEC2HEX(HEX2DEC(C$1)+SUM($B$2:B13)) -> 0x42052A82
A14: impl::smoltcp::iface::interface::InterfaceInner::icmpv4_reply | B14: 798 | C14: ="0x"&DEC2HEX(HEX2DEC(C$1)+SUM($B$2:B14)) -> 0x42052DA0
A15: smoltcp::iface::neighbor::Cache::new | B15: 72 | C15: ="0x"&DEC2HEX(HEX2DEC(C$1)+SUM($B$2:B15)) -> 0x42052DE8
A16: smoltcp::iface::neighbor::Cache::fill | B16: 634 | C16: ="0x"&DEC2HEX(HEX2DEC(C$1)+SUM($B$2:B16)) -> 0x42053062
A17: smoltcp::iface::neighbor::Cache::lookup | B17: 230 | C17: ="0x"&DEC2HEX(HEX2DEC(C$1)+SUM($B$2:B17)) -> 0x42053148
A18: smoltcp::iface::packet::Packet::emit_payload | B18: 324 | C18: ="0x"&DEC2HEX(HEX2DEC(C$1)+SUM($B$2:B18)) -> 0x4205328C
A19: smoltcp::iface::route::Routes::new | B19: 64 | C19: ="0x"&DEC2HEX(HEX2DEC(C$1)+SUM($B$2:B19)) -> 0x420532CC
A20: smoltcp::iface::route::Routes::add_default_ipv4_route | B20: 302 | C20: ="0x"&DEC2HEX(HEX2DEC(C$1)+SUM($B$2:B20)) -> 0x420533FA
A21: smoltcp::iface::route::Routes::remove_default_ipv4_route | B21: 188 | C21: ="0x"&DEC2HEX(HEX2DEC(C$1)+SUM($B$2:B21)) -> 0x420534B6
A22: smoltcp::iface::route::Routes::lookup | B22: 524 | C22: ="0x"&DEC2HEX(HEX2DEC(C$1)+SUM($B$2:B22)) -> 0x420536C2
A23: smoltcp::iface::socket_set::SocketSet::add::put | B23: 140 | C23: ="0x"&DEC2HEX(HEX2DEC(C$1)+SUM($B$2:B23)) -> 0x4205374E
A24: smoltcp::iface::socket_set::SocketSet::remove | B24: 70 | C24: ="0x"&DEC2HEX(HEX2DEC(C$1)+SUM($B$2:B24)) -> 0x42053794
C25: ="0x"&DEC2HEX(HEX2DEC(C$1)+SUM($B$2:B25)) -> 0x42053794
A26: smoltcp::socket::dhcpv4::Socket::dispatch | B26: 1892 | C26: ="0x"&DEC2HEX(HEX2DEC(C$1)+SUM($B$2:B26)) -> 0x42053EF8
A27: smoltcp::socket::dhcpv4::Socket::parse_ack | B27: 756 | C27: ="0x"&DEC2HEX(HEX2DEC(C$1)+SUM($B$2:B27)) -> 0x420541EC
A28: smoltcp::socket::dhcpv4::Socket::poll | B28: 702 | C28: ="0x"&DEC2HEX(HEX2DEC(C$1)+SUM($B$2:B28)) -> 0x420544AA
A29: smoltcp::socket::dhcpv4::Socket::process | B29: 846 | C29: ="0x"&DEC2HEX(HEX2DEC(C$1)+SUM($B$2:B29)) -> 0x420547F8
A30: smoltcp::socket::dhcpv4::Socket::reset | B30: 156 | C30: ="0x"&DEC2HEX(HEX2DEC(C$1)+SUM($B$2:B30)) -> 0x42054894
A31: smoltcp::socket::dhcpv4::Config as core::cmp::PartialEq::eq | B31: 244 | C31: ="0x"&DEC2HEX(HEX2DEC(C$1)+SUM($B$2:B31)) -> 0x42054988
A32: core::ptr::drop_in_place smoltcp::socket::dhcpv4::ClientState | B32: 30 | C32: ="0x"&DEC2HEX(HEX2DEC(C$1)+SUM($B$2:B32)) -> 0x420549A6
A33: smoltcp::socket::udp::Socket::accepts | B33: 256 | C33: ="0x"&DEC2HEX(HEX2DEC(C$1)+SUM($B$2:B33)) -> 0x42054AA6
A34: smoltcp::socket::udp::Socket::process | B34: 150 | C34: ="0x"&DEC2HEX(HEX2DEC(C$1)+SUM($B$2:B34)) -> 0x42054B3C
A35: smoltcp::socket::udp::Socket::recv_slice | B35: 270 | C35: ="0x"&DEC2HEX(HEX2DEC(C$1)+SUM($B$2:B35)) -> 0x42054C4A
A36: smoltcp::socket::udp::Socket::register_recv_waker | B36: 80 | C36: ="0x"&DEC2HEX(HEX2DEC(C$1)+SUM($B$2:B36)) -> 0x42054C9A
A37: smoltcp::socket::udp::Socket::register_send_waker | B37: 80 | C37: ="0x"&DEC2HEX(HEX2DEC(C$1)+SUM($B$2:B37)) -> 0x42054CEA
... A39: smoltcp::socket::waker::WakerRegistration::wake | B39: 18 | C39: ="0x"&DEC2HEX(HEX2DEC(C$1)+SUM($B$2:B39)) -> 0x42054ED6
C40: ="0x"&DEC2HEX(HEX2DEC(C$1)+SUM($B$2:B40)) -> 0x42054ED6
A41: smoltcp::storage::packet_buffer::PacketBuffer::enqueue | B41: 430 | C41: ="0x"&DEC2HEX(HEX2DEC(C$1)+SUM($B$2:B41)) -> 0x42055084
A42: smoltcp::storage::packet_buffer::PacketBuffer::dequeue | B42: 406 | C42: ="0x"&DEC2HEX(HEX2DEC(C$1)+SUM($B$2:B42)) -> 0x4205521A
C43: ="0x"&DEC2HEX(HEX2DEC(C$1)+SUM($B$2:B43)) -> 0x4205521A
A44: smoltcp::storage::ring_buffer::RingBuffer::dequeue_one_with | B44: 630 | C44: ="0x"&DEC2HEX(HEX2DEC(C$1)+SUM($B$2:B44)) -> 0x42055490
A45: smoltcp::storage::ring_buffer::RingBuffer::dequeue_one_with | B45: 168 | C45: ="0x"&DEC2HEX(HEX2DEC(C$1)+SUM($B$2:B45)) -> 0x42055538
A46: smoltcp::storage::ring_buffer::RingBuffer::enqueue_one_with | B46: 44 | C46: ="0x"&DEC2HEX(HEX2DEC(C$1)+SUM($B$2:B46)) -> 0x42055564
A47: smoltcp::storage::ring_buffer::RingBuffer::enqueue_many_with | B47: 138 | C47: ="0x"&DEC2HEX(HEX2DEC(C$1)+SUM($B$2:B47)) -> 0x420555EE
C48: ="0x"&DEC2HEX(HEX2DEC(C$1)+SUM($B$2:B48)) -> 0x420555EE
A49: smoltcp::wire::arp::Repr::emit | B49: 454 | C49: ="0x"&DEC2HEX(HEX2DEC(C$1)+SUM($B$2:B49)) -> 0x420557B4
A50: smoltcp::wire::arp::Repr::parse | B50: 362 | C50: ="0x"&DEC2HEX(HEX2DEC(C$1)+SUM($B$2:B50)) -> 0x4205591E
A51: smoltcp::wire::dhcpv4::Repr::buffer_len | B51: 164 | C51: ="0x"&DEC2HEX(HEX2DEC(C$1)+SUM($B$2:B51)) -> 0x420559C2
A52: smoltcp::wire::dhcpv4::Repr::parse | B52: 1662 | C52: ="0x"&DEC2HEX(HEX2DEC(C$1)+SUM($B$2:B52)) -> 0x42056040
A53: smoltcp::wire::dhcpv4::Repr::emit | B53: 1470 | C53: ="0x"&DEC2HEX(HEX2DEC(C$1)+SUM($B$2:B53)) -> 0x420565FE
A54: smoltcp::wire::ethernet::Address::from_bytes | B54: 78 | C54: ="0x"&DEC2HEX(HEX2DEC(C$1)+SUM($B$2:B54)) -> 0x4205664C
A55: smoltcp::wire::icmpv4::Repr::parse | B55: 724 | C55: ="0x"&DEC2HEX(HEX2DEC(C$1)+SUM($B$2:B55)) -> 0x42056920
A56: smoltcp::wire::icmpv4::Repr::emit | B56: 590 | C56: ="0x"&DEC2HEX(HEX2DEC(C$1)+SUM($B$2:B56)) -> 0x42056B6E
A57: smoltcp::wire::ip::Address::is_unspecified | B57: 34 | C57: ="0x"&DEC2HEX(HEX2DEC(C$1)+SUM($B$2:B57)) -> 0x42056B90
A58: smoltcp::wire::ip::checksum::data | B58: 388 | C58: ="0x"&DEC2HEX(HEX2DEC(C$1)+SUM($B$2:B58)) -> 0x42056D14
A59: smoltcp::wire::ipv4::Repr::parse | B59: 386 | C59: ="0x"&DEC2HEX(HEX2DEC(C$1)+SUM($B$2:B59)) -> 0x42056E96
A60: smoltcp::wire::ipv4::Repr::emit | B60: 428 | C60: ="0x"&DEC2HEX(HEX2DEC(C$1)+SUM($B$2:B60)) -> 0x42057042
A61: smoltcp::wire::ipv4::Cidr::new | B61: 44 | C61: ="0x"&DEC2HEX(HEX2DEC(C$1)+SUM($B$2:B61)) -> 0x4205706E
A62: core::net::ip_addr::Ipv4Addr | C62: ="0x"&DEC2HEX(HEX2DEC(C$1)+SUM($B$2:B62)) -> 0x4205706E
A63: as smoltcp::wire::ipv4::Address::prefix_len | B63: 844 | C63: ="0x"&DEC2HEX(HEX2DEC(C$1)+SUM($B$2:B63)) -> 0x420573BA
A64: smoltcp::wire::udp::Packet::fill_checksum | B64: 348 | C64: ="0x"&DEC2HEX(HEX2DEC(C$1)+SUM($B$2:B64)) -> 0x42057516
A65: smoltcp::wire::udp::Packet::payload | B65: 92 | C65: ="0x"&DEC2HEX(HEX2DEC(C$1)+SUM($B$2:B65)) -> 0x42057572
A66: smoltcp::wire::udp::Repr::parse | B66: 386 | C66: ="0x"&DEC2HEX(HEX2DEC(C$1)+SUM($B$2:B66)) -> 0x420576F4
A67: smoltcp::wire::udp::Repr::emit | B67: 316 | C67: ="0x"&DEC2HEX(HEX2DEC(C$1)+SUM($B$2:B67)) -> 0x42057830
A68: smoltcp::wire::udp::Repr::emit | B68: 342 | C68: ="0x"&DEC2HEX(HEX2DEC(C$1)+SUM($B$2:B68)) -> 0x42057986
A69: smoltcp::time::Duration as core::ops::arith::Div::u32::div | B69: 24 | C69: ="0x"&DEC2HEX(HEX2DEC(C$1)+SUM($B$2:B69)) -> 0x4205799E
C70: =SUM(B$2:$B69) -> 26582 | D70: ="0x"&DEC2HEX(C70) -> 0x67D6

Sheet core-text
A1: .core
B2: strlen | C2: 24
B4: alloc::alloc::handle_alloc_error | C4: 2
B5: alloc::raw_vec::finish_grow | C5: 98
B6: alloc::raw_vec::RawVec::grow_one | C6: 144
B7: alloc::raw_vec::handle_error | C7: 2
B8: alloc::collections::vec_deque::VecDeque::grow | C8: 152
B10: core::alloc::layout::Layout::is_size_align_valid | C10: 28
B12: core::cell::once::OnceCell::try_init
B13: core::cell::once::OnceCell::try_init | C13: 116
B14: core::cell::once::OnceCell::try_init | C14: 220
B15: core::cell::panic_already_borrowed
B16: core::cell::panic_already_mutably_borrowed | C16: 2
B18: core::slice::index::slice_end_index_len_fail::do_panic::runtime
B19: core::slice::index::slice_index_order_fail::do_panic::runtime
B20: core::slice::index::slice_start_index_len_fail::do_panic::runtime | C20: 2
B22: core::slice
B23: impl copy_from_slice::len_mismatch_fail::do_panic::runtime | C23: 2
D25: =SUM(C$2:$C24) -> 792 | E25: ="0x"&DEC2HEX(D25) -> 0x318
A27: .text
B28: embassy_executor::raw::TaskStorage::poll | C28: 146
B29: embassy_executor::raw::TaskStorage::poll | C29: 108
B30: embassy_executor::raw::TaskStorage::poll | C30: 1338
B31: embassy_executor::raw::TaskStorage::poll | C31: 922
B32: embassy_executor::raw::TaskStorage::poll | C32: 1724
B33: main | C33: 16
D34: =SUM(C$28:$C33) -> 4254 | E34: ="0x"&DEC2HEX(D34) -> 0x109E
